金谷武家屋敷跡,かなやぶけやしきあと,〒871-0000 大分県中津市金谷周辺,0979-22-1111,"[""ジャンル:伝統的町並み/家並み""]"
太陽石油 宇佐,たいようせきゆ うさ,〒879-1132 大分県宇佐市大字岩崎379-1,0978-34-7981,"[""ジャンル:太陽石油(SOLATO)""]"
太陽石油 セルフ米良,たいようせきゆ さんせるふめら,〒870-0955 大分県大分市下郡南5-1-8,097-567-7726,"[""ジャンル:太陽石油(SOLATO)""]"
太陽石油 セルフ臼杵,たいようせきゆ せるふうすき,〒875-0052 大分県臼杵市大字市浜字大ヒラキ1236,0972-64-7078,"[""ジャンル:太陽石油(SOLATO)""]"
太陽石油 セルフ城原,たいようせきゆ せるふじょうばる,〒870-0267 大分県大分市大字城原字湯ノ尻280-1,097-524-2234,"[""ジャンル:太陽石油(SOLATO)""]"
太陽石油 セルフ別府,たいようせきゆ せるふべっぷ,〒874-0828 大分県別府市山の手町3273ー1,0977-26-5411,"[""ジャンル:太陽石油(SOLATO)""]"
太陽石油 寒田,たいようせきゆ そうだ,〒870-1133 大分県大分市大字宮崎字軒田1451-6,097-568-9981,"[""ジャンル:太陽石油(SOLATO)""]"
太陽石油 中津,たいようせきゆ なかつ,〒871-0015 大分県中津市大字牛神石原24番地,0979-27-1355,"[""ジャンル:太陽石油(SOLATO)""]"
姫島SS / 明石石油店,"",〒872-1501 大分県東国東郡姫島村松原2186-1,0978-87-2155,"[""ジャンル:出光興産"", ""ブランド:出光興産"", ""サービスタイプ:フルサービス"", ""注記:※表示情報は店舗側が保証するものではありません。""]"
太陽石油 日田,たいようせきゆ ひた,〒877-0003 大分県日田市上城内町491-1,0973-23-6934,"[""ジャンル:太陽石油(SOLATO)""]"
太陽石油 ホームセンターセブン玖珠,たいようせきゆ ほーむせんたーせぶんくす,〒879-4412 大分県玖珠郡玖珠町大字山田字豆田74-1,0973-72-9204,"[""ジャンル:太陽石油(SOLATO)""]"
大貞SS / 白石石油店,"",〒871-0162 大分県中津市永添985-93,0979-22-7669,"[""ジャンル:出光興産"", ""ブランド:出光興産"", ""サービスタイプ:フルサービス"", ""注記:※表示情報は店舗側が保証するものではありません。""]"
中津北中央SS / (有)熊谷石油店,"",〒871-0007 大分県中津市蛎瀬815-6,0979-24-5377,"[""ジャンル:出光興産"", ""ブランド:出光興産"", ""サービスタイプ:フルサービス"", ""注記:※表示情報は店舗側が保証するものではありません。""]"
太陽石油 ホームセンターセブン高田,たいようせきゆ ほーむせんたーせぶんたかだ,〒879-0627 大分県豊後高田市新地1747-1,0978-24-2829,"[""ジャンル:太陽石油(SOLATO)""]"
"","","","",[]
太陽石油 ホームセンタ-セブン山香,たいようせきゆ ほーむせんたーせぶんやまが,〒879-1311 大分県杵築市山香町大字内河野2942-1,0977-28-5835,"[""ジャンル:太陽石油(SOLATO)""]"
東中津SS / 井ノ口石油(有),"",〒871-0004 大分県中津市上如水1845-5,0979320306,"[""ジャンル:出光興産"", ""ブランド:出光興産"", ""サービスタイプ:フルサービス"", ""注記:※表示情報は店舗側が保証するものではありません。""]"
太陽石油 森,たいようせきゆ もり,〒870-0128 大分県大分市大字森559-1,097-527-4130,"[""ジャンル:太陽石油(SOLATO)""]"
大隈SS / 東久大通運(株),"",〒879-4414 大分県玖珠郡玖珠町大隈197-5,0973720043,"[""ジャンル:出光興産"", ""ブランド:出光興産"", ""サービスタイプ:フルサービス"", ""注記:※表示情報は店舗側が保証するものではありません。""]"
コスモ石油 大道SS,"",〒870-0822 大分県大分市大道町3丁目西2組,097-543-6411,"[""ジャンル:コスモ石油""]"
別府市役所通SS / 清家石油(株),"",〒874-0903 大分県別府市野口原3030-15,0977-21-3500,"[""ジャンル:出光興産"", ""ブランド:出光興産"", ""サービスタイプ:フルサービス"", ""車検サービス:あり"", ""注記:※表示情報は店舗側が保証するものではありません。""]"
コスモ石油 大分インターSS,"",〒870-0000 大分県大分市大字三芳西園1773-1,097-543-1459,"[""ジャンル:コスモ石油""]"
志高湖SS / (有)上田博石油,"",〒874-0803 大分県別府市東山一区11,0977-21-1175,"[""ジャンル:出光興産"", ""ブランド:出光興産"", ""サービスタイプ:フルサービス"", ""注記:※表示情報は店舗側が保証するものではありません。""]"
コスモ石油 佐伯蛇崎SS,"",〒876-0025 大分県佐伯市池田2107-1,0972-25-1114,"[""ジャンル:コスモ石油""]"
佐伯SS / 興国物産運送(株),"",〒876-0821 大分県佐伯市東浜1-6,0972-23-5511,"[""ジャンル:エネオス(JX)"", ""ブランド:ENEOS"", ""サービスタイプ:フルサービス"", ""注記:※表示情報は店舗側が保証するものではありません。""]"
津民SS / 中尾石油店,"",〒871-0413 大分県中津市耶馬溪町大字大野1367-1,0979-54-2140,"[""ジャンル:出光興産"", ""ブランド:出光興産"", ""サービスタイプ:フルサービス"", ""注記:※表示情報は店舗側が保証するものではありません。""]"
コスモ石油 あすとぴあ,"",〒875-0051 大分県臼杵市戸室1121-10,0972-63-2003,"[""ジャンル:コスモ石油""]"
佐伯池田SS / 三股石油店,"",〒876-0025 大分県佐伯市池田1723-1,0972-23-1759,"[""ジャンル:エネオス(JX)"", ""ブランド:ENEOS"", ""サービスタイプ:フルサービス"", ""注記:※表示情報は店舗側が保証するものではありません。""]"
コスモ石油 千怒SS,"",〒879-2401 大分県津久見市千怒字牛ケ浦5037-2,0972-82-0112,"[""ジャンル:コスモ石油""]"
城東橋SS / (株)山作,"",〒876-0854 大分県佐伯市中村南町9-12,0972232109,"[""ジャンル:エネオス(JX)"", ""ブランド:ENEOS"", ""サービスタイプ:フルサービス"", ""車検サービス:あり"", ""注記:※表示情報は店舗側が保証するものではありません。""]"
耶馬渓SS / (有)熊谷石油店,"",〒871-0201 大分県中津市本耶馬渓町樋田56-1,0979-52-2028,"[""ジャンル:出光興産"", ""ブランド:出光興産"", ""サービスタイプ:フルサービス"", ""注記:※表示情報は店舗側が保証するものではありません。""]"
五馬SS / 梶原石油店,"",〒877-0111 大分県日田市天瀬町五馬市1484-4,0973-57-2749,"[""ジャンル:出光興産"", ""ブランド:出光興産"", ""サービスタイプ:フルサービス"", ""注記:※表示情報は店舗側が保証するものではありません。""]"
豊南SS / (株)山作,"",〒876-0835 大分県佐伯市鶴岡町1-1-21,0972232890,"[""ジャンル:エネオス(JX)"", ""ブランド:ENEOS"", ""サービスタイプ:フルサービス"", ""注記:※表示情報は店舗側が保証するものではありません。""]"
コスモ石油 北方SS,"",〒879-5518 大分県由布市狭間町北方下角41-2,097-583-3131,"[""ジャンル:コスモ石油""]"
本匠SS / (有)菅原自動車,"",〒876-0204 大分県佐伯市本匠大字宇津々1996-2,0972-56-5028,"[""ジャンル:出光興産"", ""ブランド:出光興産"", ""サービスタイプ:フルサービス"", ""注記:※表示情報は店舗側が保証するものではありません。""]"
コスモ石油 オイルパークうちやまSS,"",〒879-7124 大分県豊後大野市三重町内山鳥居木99-1,0974-22-7830,"[""ジャンル:コスモ石油""]"
"","","","",[]
木立SS / 植田石油店,"",〒876-2121 大分県佐伯市木立6520-1,0972-29-2107,"[""ジャンル:エネオス(JX)"", ""ブランド:ENEOS"", ""サービスタイプ:フルサービス"", ""注記:※表示情報は店舗側が保証するものではありません。""]"
弥生SS / (有)竹部石油店,"",〒876-0112 大分県佐伯市弥生大字上小倉1065-1,0972-46-0046,"[""ジャンル:出光興産"", ""ブランド:出光興産"", ""サービスタイプ:フルサービス"", ""注記:※表示情報は店舗側が保証するものではありません。""]"
コスモ石油 久住中央SS,"",〒878-0200 大分県竹田市久住町久住5659-1,0974-76-1146,"[""ジャンル:コスモ石油""]"
野々下SS / 野々下商会,"",〒876-1512 大分県佐伯市堅田6031,0972-22-2697,"[""ジャンル:エネオス(JX)"", ""ブランド:ENEOS"", ""サービスタイプ:フルサービス"", ""注記:※表示情報は店舗側が保証するものではありません。""]"
柏原SS / (有)阿部石油,"",〒879-6123 大分県竹田市荻町宮平3650-6,0974682148,"[""ジャンル:出光興産"", ""ブランド:出光興産"", ""サービスタイプ:フルサービス"", ""注記:※表示情報は店舗側が保証するものではありません。""]"
玉来SS / (有)渡部石油,"",〒878-0035 大分県竹田市吉田229-1,0974630122,"[""ジャンル:エネオス(JX)"", ""ブランド:ENEOS"", ""サービスタイプ:フルサービス"", ""注記:※表示情報は店舗側が保証するものではありません。""]"
コスモ石油 川崎SS,"",〒879-1505 大分県速見郡日出町大字川崎3683-4,0977-73-2112,"[""ジャンル:コスモ石油""]"
円座SS / 中園石油,"",〒872-0312 大分県宇佐市院内町櫛野41-6,0978-42-5027,"[""ジャンル:出光興産"", ""ブランド:出光興産"", ""サービスタイプ:フルサービス"", ""注記:※表示情報は店舗側が保証するものではありません。""]"
城原SS / (有)森石油,"",〒878-0143 大分県竹田市城原1995,0974662332,"[""ジャンル:エネオス(JX)"", ""ブランド:ENEOS"", ""サービスタイプ:フルサービス"", ""注記:※表示情報は店舗側が保証するものではありません。""]"
朝地SS / 加賀城商店,"",〒879-6333 大分県豊後大野市朝地町栗林2371,0974-72-1241,"[""ジャンル:出光興産"", ""ブランド:出光興産"", ""サービスタイプ:フルサービス"", ""注記:※表示情報は店舗側が保証するものではありません。""]"
コスモ石油 臼杵インター,"",〒875-0052 大分県臼杵市大字市浜字馬渡1171-1,0972-62-5108,"[""ジャンル:コスモ石油""]"
"","","","",[]
セルフ三重SS / 東九州アポロ(株),"",〒879-7131 大分県豊後大野市三重町市場491-3,0974223339,"[""ジャンル:出光興産"", ""ブランド:出光興産"", ""サービスタイプ:セルフサービス"", ""車検サービス:あり"", ""注記:※表示情報は店舗側が保証するものではありません。""]"
エッソ セルフ別府SS,"",〒874-0023 大分県別府市上人ヶ浜町239,0977277355,"[""ジャンル:エッソ石油(エクソン)""]"
長湯SS / (有)小坂石油,"",〒878-0402 大分県竹田市直入町大字長湯8059-2,0974-75-2067,"[""ジャンル:エネオス(JX)"", ""ブランド:ENEOS"", ""サービスタイプ:フルサービス"", ""注記:※表示情報は店舗側が保証するものではありません。""]"
新川西SS / (株)アーク,"",〒870-0015 大分県大分市勢家1213-2,0975366214,"[""ジャンル:エネオス(JX)"", ""ブランド:ENEOS"", ""サービスタイプ:フルサービス"", ""注記:※表示情報は店舗側が保証するものではありません。""]"
都野SS / (有)甲斐石油,"",〒878-0204 大分県竹田市久住町大字栢木6048,0974-77-2805,"[""ジャンル:エネオス(JX)"", ""ブランド:ENEOS"", ""サービスタイプ:フルサービス"", ""注記:※表示情報は店舗側が保証するものではありません。""]"
エッソ セルフ城陽大在SS 城陽石油(株),"",〒870-0046 大分県大分市城原大蔵屋敷388-2,0975930927,"[""ジャンル:エッソ石油(エクソン)""]"
津久見SS / 松井アルファス(株),"",〒879-2442 大分県津久見市港町1-18,0972-82-3185,"[""ジャンル:エネオス(JX)"", ""ブランド:ENEOS"", ""サービスタイプ:フルサービス"", ""注記:※表示情報は店舗側が保証するものではありません。""]"
坂ノ市SS / (株)荻本商店,"",〒870-0307 大分県大分市坂ノ市中央3-1-2,0975921637,"[""ジャンル:エネオス(JX)"", ""ブランド:ENEOS"", ""サービスタイプ:フルサービス"", ""注記:※表示情報は店舗側が保証するものではありません。""]"
山国SS / (有)吉瀬商店,"",〒871-0715 大分県中津市山国町宇曽659,0979-62-2275,"[""ジャンル:エネオス(JX)"", ""ブランド:ENEOS"", ""サービスタイプ:フルサービス"", ""注記:※表示情報は店舗側が保証するものではありません。""]"
エッソ セルフ大分SS,"",〒870-0152 大分県大分市牧1-160,0975043811,"[""ジャンル:エッソ石油(エクソン)""]"
下郡SS / (株)アーク,"",〒870-0938 大分県大分市津留1999-2,0975691655,"[""ジャンル:エネオス(JX)"", ""ブランド:ENEOS"", ""サービスタイプ:フルサービス"", ""注記:※表示情報は店舗側が保証するものではありません。""]"
ゼネラル 別府SS,"",〒874-0920 大分県別府市北浜3-7-11,0977-23-2274,"[""ジャンル:ゼネラル石油(エクソン)""]"
セルフ碩田町SS / 岩田商事(株),"",〒870-0048 大分県大分市碩田町2-1-28,097-533-1108,"[""ジャンル:エネオス(JX)"", ""ブランド:ENEOS"", ""営業時間:24時間営業"", ""サービスタイプ:セルフサービス"", ""現金価格:\r\n\t\t\t\t\tレギュラー¥-   \r\n\t\t\t\t\tハイオク¥-   \r\n\t\t\t\t\t軽油¥-   \r\n\t\t\t\t\t灯油¥-\r\n\t\t\t\t"", ""会員価格:\r\n\t\t\t\t\tレギュラー¥168   \r\n\t\t\t\t\tハイオク¥-   \r\n\t\t\t\t\t軽油¥-   \r\n\t\t\t\t"", ""注記:※表示情報は店舗側が保証するものではありません。""]"
中津船町SS / 吉伴(株),"",〒871-0072 大分県中津市船町1619,0979-22-0324,"[""ジャンル:エネオス(JX)"", ""ブランド:ENEOS"", ""サービスタイプ:フルサービス"", ""注記:※表示情報は店舗側が保証するものではありません。""]"
ゼネラル 大山SS 株式会社梅原石油,"",大分県日田市大山町大字西大山字中川原3463-2大分県日田市大山町大字西大山字中川原3463-2,09735-2-2018,"[""ジャンル:ゼネラル石油(エクソン)""]"
大志生木SS / (有)大東石油,"",〒879-2115 大分県大分市志生木9-1,097-575-0566,"[""ジャンル:エネオス(JX)"", ""ブランド:ENEOS"", ""サービスタイプ:フルサービス"", ""注記:※表示情報は店舗側が保証するものではありません。""]"
ゼネラル 杵築SS 有限会社東玉男商店,"",〒873-0008 大分県杵築市熊野2428-1,09786-2-4782,"[""ジャンル:ゼネラル石油(エクソン)""]"
中津南SS / (有)荒瀬石油,"",〒871-0025 大分県中津市万田552-1,0979-22-8167,"[""ジャンル:エネオス(JX)"", ""ブランド:ENEOS"", ""サービスタイプ:フルサービス"", ""注記:※表示情報は店舗側が保証するものではありません。""]"
ゼネラル 西の台SS 柴田石油,"",〒870-0278 大分県大分市大字三芳椎迫4-1,0975-46-0050,"[""ジャンル:ゼネラル石油(エクソン)""]"
新日鉄前SS / 岩田商事(株),"",〒870-0913 大分県大分市松原町3-4-8,097-558-3906,"[""ジャンル:エネオス(JX)"", ""ブランド:ENEOS"", ""サービスタイプ:フルサービス"", ""注記:※表示情報は店舗側が保証するものではありません。""]"
福沢通りSS / 豊前菱油(株),"",〒871-0053 大分県中津市古魚町1651-1,0979-22-0809,"[""ジャンル:エネオス(JX)"", ""ブランド:ENEOS"", ""サービスタイプ:フルサービス"", ""注記:※表示情報は店舗側が保証するものではありません。""]"
ゼネラル 明野SS,"",〒870-0147 大分県大分市大字小池原1100-1,0975540180,"[""ジャンル:ゼネラル石油(エクソン)""]"
モービル 院内SS (有)奥石油,"",大分県宇佐市院内町大字原口408-8大分県宇佐市院内町大字原口408-8,0978-82-5020,"[""ジャンル:モービル石油(エクソン)""]"
けやき通りSS / (株)豊和,"",〒879-0617 大分県豊後高田市高田2287-1,0978223572,"[""ジャンル:エネオス(JX)"", ""ブランド:ENEOS"", ""サービスタイプ:フルサービス"", ""注記:※表示情報は店舗側が保証するものではありません。""]"
古国府SS / (株)アーク,"",〒870-0844 大分県大分市古国府11-6,0975440478,"[""ジャンル:エネオス(JX)"", ""ブランド:ENEOS"", ""サービスタイプ:フルサービス"", ""注記:※表示情報は店舗側が保証するものではありません。""]"
"","","","",[]
耶馬渓入口SS / 小南石油店,"",〒871-0022 大分県中津市相原3366-3,0979-22-2941,"[""ジャンル:エネオス(JX)"", ""ブランド:ENEOS"", ""サービスタイプ:フルサービス"", ""注記:※表示情報は店舗側が保証するものではありません。""]"
宇佐SS / 江藤石油店,"",〒879-0231 大分県宇佐市南敷田635-1,0978-32-2332,"[""ジャンル:エネオス(JX)"", ""ブランド:ENEOS"", ""サービスタイプ:フルサービス"", ""注記:※表示情報は店舗側が保証するものではありません。""]"
モービル 武蔵SS (有)丸萬石油,"",大分県国東市武蔵町糸原1263大分県国東市武蔵町糸原1263,0978681145,"[""ジャンル:モービル石油(エクソン)""]"
耶馬溪SS / 小田石油店,"",〒871-0112 大分県中津市三光臼木949-3,0979-43-2183,"[""ジャンル:エネオス(JX)"", ""ブランド:ENEOS"", ""サービスタイプ:フルサービス"", ""注記:※表示情報は店舗側が保証するものではありません。""]"
西大分SS / (株)アーク,"",〒870-0009 大分県大分市王子町8-8,0975341956,"[""ジャンル:エネオス(JX)"", ""ブランド:ENEOS"", ""サービスタイプ:フルサービス"", ""注記:※表示情報は店舗側が保証するものではありません。""]"
モービル 山口産業(株)観海寺SS,"",〒874-0823 大分県別府市南立石2042-1,0977223177,"[""ジャンル:モービル石油(エクソン)""]"
駅川SS / (有)上田石油店,"",〒879-0453 大分県宇佐市上田981-2,0978-32-3232,"[""ジャンル:エネオス(JX)"", ""ブランド:ENEOS"", ""サービスタイプ:フルサービス"", ""注記:※表示情報は店舗側が保証するものではありません。""]"
Dr.Drive セルフ新治店 / 喜多村石油(株),"",〒877-0072 大分県日田市十二町462-1,0973-22-6795,"[""ジャンル:エネオス(JX)"", ""ブランド:ENEOS"", ""サービスタイプ:セルフサービス"", ""車検サービス:あり"", ""注記:※表示情報は店舗側が保証するものではありません。""]"
三佐SS / (株)アーク,"",〒870-0108 大分県大分市三佐653,0975216254,"[""ジャンル:エネオス(JX)"", ""ブランド:ENEOS"", ""サービスタイプ:フルサービス"", ""注記:※表示情報は店舗側が保証するものではありません。""]"
モービル 上岡SS,"",〒876-0045 大分県佐伯市上岡1482-1,0972-22-4511,"[""ジャンル:モービル石油(エクソン)""]"
中津江SS / 合谷石油(有),"",〒877-0301 大分県日田市中津江村栃野2660-7,0973543524,"[""ジャンル:エネオス(JX)"", ""ブランド:ENEOS"", ""サービスタイプ:フルサービス"", ""注記:※表示情報は店舗側が保証するものではありません。""]"
セルフ四日市SS / コミュニティーえしま,"",〒879-0471 大分県宇佐市四日市236,0978-33-0113,"[""ジャンル:エネオス(JX)"", ""ブランド:ENEOS"", ""サービスタイプ:セルフサービス"", ""注記:※表示情報は店舗側が保証するものではありません。""]"
稙田SS / (株)アーク,"",〒870-1173 大分県大分市横瀬60-2,097-541-0027,"[""ジャンル:エネオス(JX)"", ""ブランド:ENEOS"", ""営業時間:24時間営業"", ""サービスタイプ:セルフサービス"", ""注記:※表示情報は店舗側が保証するものではありません。""]"
モービル 日田石油販売 日田南SS,"",〒877-0025 大分県日田市南友田町113-3,0973222023,"[""ジャンル:モービル石油(エクソン)""]"
大分宇佐SS / ニュー丸栄石油(株),"",〒879-0474 大分県宇佐市山下1222-1,0978-33-5021,"[""ジャンル:エネオス(JX)"", ""ブランド:ENEOS"", ""営業時間:24時間営業"", ""サービスタイプ:フルサービス"", ""注記:※表示情報は店舗側が保証するものではありません。""]"
天神SS / 日商石油(株),"",〒877-1234 大分県日田市三和43-2,0973-23-0138,"[""ジャンル:エネオス(JX)"", ""ブランド:ENEOS"", ""サービスタイプ:フルサービス"", ""注記:※表示情報は店舗側が保証するものではありません。""]"
セルフ戸次SS / 岩田商事(株),"",〒879-7761 大分県大分市中戸次4822,097-597-1660,"[""ジャンル:エネオス(JX)"", ""ブランド:ENEOS"", ""営業時間:24時間営業"", ""サービスタイプ:セルフサービス"", ""現金価格:\r\n\t\t\t\t\tレギュラー¥-   \r\n\t\t\t\t\tハイオク¥-   \r\n\t\t\t\t\t軽油¥-   \r\n\t\t\t\t\t灯油¥-\r\n\t\t\t\t"", ""会員価格:\r\n\t\t\t\t\tレギュラー¥166   \r\n\t\t\t\t\tハイオク¥179   \r\n\t\t\t\t\t軽油¥145   \r\n\t\t\t\t"", ""注記:※表示情報は店舗側が保証するものではありません。""]"
モービル 日田石油販売 日田北SS,"",〒877-0025 大分県日田市日の出町30-1,0973243977,"[""ジャンル:モービル石油(エクソン)""]"
モービル 矢幡石油店 大山SS,"",大分県日田市大山町西大山6041-1大分県日田市大山町西大山6041-1,0973522123,"[""ジャンル:モービル石油(エクソン)""]"
東院内SS / (有)川面石油,"",〒872-0311 大分県宇佐市院内町香下198-2,0978-42-5243,"[""ジャンル:エネオス(JX)"", ""ブランド:ENEOS"", ""サービスタイプ:フルサービス"", ""注記:※表示情報は店舗側が保証するものではありません。""]"
藤山SS / ヒグチ石油,"",〒877-1225 大分県日田市花月231-5,0973-24-9133,"[""ジャンル:エネオス(JX)"", ""ブランド:ENEOS"", ""サービスタイプ:フルサービス"", ""注記:※表示情報は店舗側が保証するものではありません。""]"
津守SS / (株)アーク,"",〒870-0945 大分県大分市津守504-1,0975698921,"[""ジャンル:エネオス(JX)"", ""ブランド:ENEOS"", ""サービスタイプ:フルサービス"", ""現金価格:\r\n\t\t\t\t\tレギュラー¥-   \r\n\t\t\t\t\tハイオク¥-   \r\n\t\t\t\t\t軽油¥-   \r\n\t\t\t\t\t灯油¥-\r\n\t\t\t\t"", ""会員価格:\r\n\t\t\t\t\tレギュラー¥170   \r\n\t\t\t\t\tハイオク¥-   \r\n\t\t\t\t\t軽油¥-   \r\n\t\t\t\t"", ""注記:※表示情報は店舗側が保証するものではありません。""]"
モービル 矢野石油店 津江SS,"",大分県日田市中津江村栃野5231-7大分県日田市中津江村栃野5231-7,0973543635,"[""ジャンル:モービル石油(エクソン)""]"
セルフ三重町SS / 江藤エネルギー(株),"",〒879-7111 大分県豊後大野市三重町赤嶺1153-32,0974220275,"[""ジャンル:エネオス(JX)"", ""ブランド:ENEOS"", ""サービスタイプ:セルフサービス"", ""注記:※表示情報は店舗側が保証するものではありません。""]"
日田中央SS / グリーン石油(株),"",〒877-0014 大分県日田市本町9-17,0973-24-3923,"[""ジャンル:エネオス(JX)"", ""ブランド:ENEOS"", ""サービスタイプ:フルサービス"", ""注記:※表示情報は店舗側が保証するものではありません。""]"
南春日SS / (株)アーク,"",〒870-0815 大分県大分市南春日町932-1,0975433240,"[""ジャンル:エネオス(JX)"", ""ブランド:ENEOS"", ""サービスタイプ:フルサービス"", ""注記:※表示情報は店舗側が保証するものではありません。""]"
大原SS / (有)友忠商事,"",〒879-6433 大分県豊後大野市大野町大原1315-5,0974342727,"[""ジャンル:エネオス(JX)"", ""ブランド:ENEOS"", ""サービスタイプ:フルサービス"", ""注記:※表示情報は店舗側が保証するものではありません。""]"
モービル 石井石油店 大肥SS,"",〒877-0025 大分県日田市大肥本町1451-1,0973282336,"[""ジャンル:モービル石油(エクソン)""]"
"","","","",[]
日田東SS / 喜多村石油(株),"",〒877-0038 大分県日田市下井手町23,0973-23-8921,"[""ジャンル:エネオス(JX)"", ""ブランド:ENEOS"", ""サービスタイプ:フルサービス"", ""注記:※表示情報は店舗側が保証するものではありません。""]"
清川SS / 佐藤石油(株),"",〒879-6901 大分県豊後大野市清川町臼尾414-2,0974352510,"[""ジャンル:エネオス(JX)"", ""ブランド:ENEOS"", ""サービスタイプ:セルフサービス"", ""注記:※表示情報は店舗側が保証するものではありません。""]"
亀川SS / (株)アーク,"",〒874-0022 大分県別府市亀川東町14-23,0977661507,"[""ジャンル:エネオス(JX)"", ""ブランド:ENEOS"", ""サービスタイプ:フルサービス"", ""注記:※表示情報は店舗側が保証するものではありません。""]"
三重原SS / (有)芦刈石油店,"",〒879-7104 大分県豊後大野市三重町小坂3969-10,0974220460,"[""ジャンル:エネオス(JX)"", ""ブランド:ENEOS"", ""サービスタイプ:フルサービス"", ""注記:※表示情報は店舗側が保証するものではありません。""]"
安岐SS / (有)丸萬石油,"",〒873-0212 大分県国東市安岐町塩屋313-7,09786-7-1055,"[""ジャンル:エネオス(JX)"", ""ブランド:ENEOS"", ""サービスタイプ:フルサービス"", ""注記:※表示情報は店舗側が保証するものではありません。""]"
モービル 新日鉄前SS (有)日岡石油,"",〒870-0915 大分県大分市花高松1-1-5,0975587128,"[""ジャンル:モービル石油(エクソン)""]"
ルート57ちとせSS / 吉伴(株),"",〒879-7401 大分県豊後大野市千歳町新殿字川久保79-1,0974372828,"[""ジャンル:エネオス(JX)"", ""ブランド:ENEOS"", ""サービスタイプ:フルサービス"", ""注記:※表示情報は店舗側が保証するものではありません。""]"
春木川SS / (株)アーク,"",〒874-0917 大分県別府市中須賀東町1187-1,0977664136,"[""ジャンル:エネオス(JX)"", ""ブランド:ENEOS"", ""営業時間:24時間営業"", ""サービスタイプ:フルサービス"", ""注記:※表示情報は店舗側が保証するものではありません。""]"
堀SS / (株)西石油,"",〒879-1506 大分県速見郡日出町3441-4,0977722732,"[""ジャンル:エネオス(JX)"", ""ブランド:ENEOS"", ""サービスタイプ:フルサービス"", ""注記:※表示情報は店舗側が保証するものではありません。""]"
のつはるSS,"",〒870-1203 大分県大分市大字野津原字二ノ瀬鶴115-4,0975880343,"[""ジャンル:エネオス(JX)""]"
大野町SS / (株)三和興産,"",〒879-6441 大分県豊後大野市大野町田中241-3,0974342245,"[""ジャンル:エネオス(JX)"", ""ブランド:ENEOS"", ""サービスタイプ:フルサービス"", ""注記:※表示情報は店舗側が保証するものではありません。""]"
鶴崎東SS / 大分王子紙業(株),"",〒870-0113 大分県大分市家島1120-1,097-527-4068,"[""ジャンル:コスモ石油"", ""ブランド:コスモ石油"", ""サービスタイプ:フルサービス"", ""注記:※表示情報は店舗側が保証するものではありません。""]"
大神SS / JAべっぷ日出,"",〒879-1504 大分県速見郡日出町大神3142-13,0977-72-2810,"[""ジャンル:エネオス(JX)"", ""ブランド:ENEOS"", ""サービスタイプ:フルサービス"", ""注記:※表示情報は店舗側が保証するものではありません。""]"
セルフ三和SS,"",〒877-1231 大分県日田市財津町2639-1,0973243633,"[""ジャンル:エネオス(JX)""]"
ルート210はさまSS / 吉伴(株),"",〒879-5506 大分県由布市挾間町挾間441-1,097-583-0304,"[""ジャンル:エネオス(JX)"", ""ブランド:ENEOS"", ""サービスタイプ:フルサービス"", ""注記:※表示情報は店舗側が保証するものではありません。""]"
東中津SS / (株)アーク,"",〒871-0011 大分県中津市下池永518,0979233680,"[""ジャンル:エネオス(JX)"", ""ブランド:ENEOS"", ""営業時間:24時間営業"", ""サービスタイプ:セルフサービス"", ""現金価格:\r\n\t\t\t\t\tレギュラー¥-   \r\n\t\t\t\t\tハイオク¥-   \r\n\t\t\t\t\t軽油¥-   \r\n\t\t\t\t\t灯油¥-\r\n\t\t\t\t"", ""会員価格:\r\n\t\t\t\t\tレギュラー¥167   \r\n\t\t\t\t\tハイオク¥-   \r\n\t\t\t\t\t軽油¥-   \r\n\t\t\t\t"", ""注記:※表示情報は店舗側が保証するものではありません。""]"
川崎SS / JA日出町,"",〒879-1505 大分県速見郡日出町川崎2-868-7,0977-72-2912,"[""ジャンル:エネオス(JX)"", ""ブランド:ENEOS"", ""サービスタイプ:フルサービス"", ""注記:※表示情報は店舗側が保証するものではありません。""]"
"","","","",[]
ケイオーSS,"",〒870-0848 大分県竹田市直入町大字下田北166-5,0974781447,"[""ジャンル:エネオス(JX)""]"
日岡SS / 新光石油(株),"",〒870-0914 大分県大分市日岡3-4-13,097-558-1220,"[""ジャンル:コスモ石油"", ""ブランド:コスモ石油"", ""サービスタイプ:フルサービス"", ""注記:※表示情報は店舗側が保証するものではありません。""]"
犬丸SS / エネクスフリート(株),"",〒879-0105 大分県中津市犬丸54-1,0979-32-0295,"[""ジャンル:エネオス(JX)"", ""ブランド:ENEOS"", ""営業時間:24時間営業"", ""サービスタイプ:フルサービス"", ""注記:※表示情報は店舗側が保証するものではありません。""]"
セルフ大分インターSS,"",〒870-0000 大分県大分市大字三芳字福原1088-1,0975467887,"[""ジャンル:エネオス(JX)""]"
庄内SS / (有)小野淳石油店,"",〒879-5421 大分県由布市庄内町柿原631-1,097-582-0374,"[""ジャンル:エネオス(JX)"", ""ブランド:ENEOS"", ""サービスタイプ:フルサービス"", ""現金価格:\r\n\t\t\t\t\tレギュラー¥-   \r\n\t\t\t\t\tハイオク¥181   \r\n\t\t\t\t\t軽油¥-   \r\n\t\t\t\t\t灯油¥-\r\n\t\t\t\t"", ""会員価格:\r\n\t\t\t\t\tレギュラー¥-   \r\n\t\t\t\t\tハイオク¥-   \r\n\t\t\t\t\t軽油¥-   \r\n\t\t\t\t"", ""注記:※表示情報は店舗側が保証するものではありません。""]"
セルフ山香SS / JAおおいた,"",〒879-1311 大分県杵築市山香町大字内河野2557-1,0977-75-0218,"[""ジャンル:エネオス(JX)"", ""ブランド:ENEOS"", ""サービスタイプ:セルフサービス"", ""注記:※表示情報は店舗側が保証するものではありません。""]"
"","","","",[]
蒲江SS / 武生石油店,"",〒876-2401 大分県佐伯市蒲江大字蒲江浦2392,0972-42-0039,"[""ジャンル:エネオス(JX)"", ""ブランド:ENEOS"", ""サービスタイプ:フルサービス"", ""注記:※表示情報は店舗側が保証するものではありません。""]"
中津東SS / 光石油(株),"",〒871-0007 大分県中津市蛎瀬834-1,0979-23-1521,"[""ジャンル:コスモ石油"", ""ブランド:コスモ石油"", ""サービスタイプ:フルサービス"", ""注記:※表示情報は店舗側が保証するものではありません。""]"
けやき通りSS,"",〒879-0617 大分県豊後高田市高田2287,0978222207,"[""ジャンル:エネオス(JX)""]"
津久見インターSS / マルコ商事(株),"",〒879-2461 大分県津久見市上青江3773-7,0972-82-1150,"[""ジャンル:エネオス(JX)"", ""ブランド:ENEOS"", ""サービスタイプ:フルサービス"", ""注記:※表示情報は店舗側が保証するものではありません。""]"
医大通りSS / (有)久大石油,"",〒879-5506 大分県由布市挾間町挾間351-2,0975-83-1616,"[""ジャンル:エネオス(JX)"", ""ブランド:ENEOS"", ""サービスタイプ:フルサービス"", ""注記:※表示情報は店舗側が保証するものではありません。""]"
都原SS / 大野新光(株),"",〒875-0211 大分県臼杵市野津町大字都原2193,0974-32-3331,"[""ジャンル:コスモ石油"", ""ブランド:コスモ石油"", ""サービスタイプ:フルサービス"", ""注記:※表示情報は店舗側が保証するものではありません。""]"
セルフ山香SS,"",〒879-1311 大分県杵築市山香町大字内河野2257-1,0977750218,"[""ジャンル:エネオス(JX)""]"
庄内バイパスSS / (有)服平石油店,"",〒879-5421 大分県由布市庄内町柿原1115,0975-82-3450,"[""ジャンル:エネオス(JX)"", ""ブランド:ENEOS"", ""サービスタイプ:セルフサービス"", ""注記:※表示情報は店舗側が保証するものではありません。""]"
院内SS / 山京石油,"",〒872-0318 大分県宇佐市院内町副789-1,0978-42-5128,"[""ジャンル:エネオス(JX)"", ""ブランド:ENEOS"", ""サービスタイプ:フルサービス"", ""注記:※表示情報は店舗側が保証するものではありません。""]"
由布院SS / 吉伴(株),"",〒879-5102 大分県由布市湯布院町川上3034-1,0977-85-2841,"[""ジャンル:エネオス(JX)"", ""ブランド:ENEOS"", ""サービスタイプ:フルサービス"", ""注記:※表示情報は店舗側が保証するものではありません。""]"
萩原SS / (株)イデックスリテール大分,"",〒870-0921 大分県大分市萩原1-1-34,0975517560,"[""ジャンル:コスモ石油"", ""ブランド:コスモ石油"", ""サービスタイプ:フルサービス"", ""車検サービス:あり"", ""現金価格:\r\n\t\t\t\t\tレギュラー¥-   \r\n\t\t\t\t\tハイオク¥-   \r\n\t\t\t\t\t軽油¥-   \r\n\t\t\t\t\t灯油¥-\r\n\t\t\t\t"", ""会員価格:\r\n\t\t\t\t\tレギュラー¥-   \r\n\t\t\t\t\tハイオク¥173   \r\n\t\t\t\t\t軽油¥-   \r\n\t\t\t\t"", ""注記:※表示情報は店舗側が保証するものではありません。""]"
セルフ日田SS,"",〒877-0082 大分県日田市日ノ出町16-4,0973232293,"[""ジャンル:エネオス(JX)""]"
住之江SS / (有)竹下石油,"",〒872-0044 大分県宇佐市住江311-2,0978-38-3111,"[""ジャンル:エネオス(JX)"", ""ブランド:ENEOS"", ""サービスタイプ:フルサービス"", ""注記:※表示情報は店舗側が保証するものではありません。""]"
セルフ竹田SS / (有)友忠商事,"",〒878-0026 大分県竹田市飛田川1661-1,0974641133,"[""ジャンル:エネオス(JX)"", ""ブランド:ENEOS"", ""サービスタイプ:セルフサービス"", ""注記:※表示情報は店舗側が保証するものではありません。""]"
八幡SS / 上野燃料店,"",〒879-4521 大分県玖珠郡玖珠町太田2285-4,09737-2-1269,"[""ジャンル:エネオス(JX)"", ""ブランド:ENEOS"", ""サービスタイプ:フルサービス"", ""注記:※表示情報は店舗側が保証するものではありません。""]"
シーサイド大在SS,"",〒870-0266 大分県大分市大字大在2番地,0975934448,"[""ジャンル:エネオス(JX)""]"
医大前SS / (有)葛城石油,"",〒870-0861 大分県大分市東院1183-2,097-549-3668,"[""ジャンル:コスモ石油"", ""ブランド:コスモ石油"", ""サービスタイプ:フルサービス"", ""注記:※表示情報は店舗側が保証するものではありません。""]"
宇佐神宮前SS / (有)江島石油,"",〒872-0102 大分県宇佐市南宇佐2453-1,0978-37-0118,"[""ジャンル:エネオス(JX)"", ""ブランド:ENEOS"", ""サービスタイプ:フルサービス"", ""注記:※表示情報は店舗側が保証するものではありません。""]"
Dr.Driveセルフ大在店,"",〒870-0242 大分県大分市角子南1丁目124,0975297771,"[""ジャンル:エネオス(JX)"", ""ブランド:ENEOS"", ""営業時間:24時間営業"", ""サービスタイプ:セルフサービス"", ""車検サービス:あり"", ""現金価格:\r\n\t\t\t\t\tレギュラー¥-   \r\n\t\t\t\t\tハイオク¥-   \r\n\t\t\t\t\t軽油¥-   \r\n\t\t\t\t\t灯油¥-\r\n\t\t\t\t"", ""会員価格:\r\n\t\t\t\t\tレギュラー¥166   \r\n\t\t\t\t\tハイオク¥177   \r\n\t\t\t\t\t軽油¥144   \r\n\t\t\t\t"", ""注記:※表示情報は店舗側が保証するものではありません。""]"
玖珠SS / 安達石油,"",〒879-4412 大分県玖珠郡玖珠町山田2291-1,09737-2-2036,"[""ジャンル:エネオス(JX)"", ""ブランド:ENEOS"", ""サービスタイプ:フルサービス"", ""注記:※表示情報は店舗側が保証するものではありません。""]"
セルフ下郡SS,"",〒870-0951 大分県大分市大字下郡字国境3260-17,0975678222,"[""ジャンル:エネオス(JX)""]"
犬飼国道SS / (有)エナジー村上,"",〒879-7302 大分県豊後大野市犬飼町久原1024-35,0975780140,"[""ジャンル:エネオス(JX)"", ""ブランド:ENEOS"", ""サービスタイプ:フルサービス"", ""注記:※表示情報は店舗側が保証するものではありません。""]"
下郡SS / 新光石油(株),"",〒870-0955 大分県大分市下郡南5-2-15,097-569-6326,"[""ジャンル:コスモ石油"", ""ブランド:コスモ石油"", ""サービスタイプ:フルサービス"", ""注記:※表示情報は店舗側が保証するものではありません。""]"
セルフ宗方SS,"",〒870-1152 大分県大分市大字上宗方字四反田419,0975410053,"[""ジャンル:エネオス(JX)""]"
大分SS / (株)西石油,"",〒870-0008 大分県大分市王子西町79,0975329572,"[""ジャンル:エネオス(JX)"", ""ブランド:ENEOS"", ""営業時間:24時間営業"", ""サービスタイプ:フルサービス"", ""注記:※表示情報は店舗側が保証するものではありません。""]"
豊後森SS / 滝石石油店,"",〒879-4404 大分県玖珠郡玖珠町森689-1,09737-2-2935,"[""ジャンル:エネオス(JX)"", ""ブランド:ENEOS"", ""サービスタイプ:フルサービス"", ""注記:※表示情報は店舗側が保証するものではありません。""]"
大迫SS / (有)ユタカ商事,"",〒879-7404 大分県豊後大野市千歳町長峰1533-1,0974372071,"[""ジャンル:エネオス(JX)"", ""ブランド:ENEOS"", ""サービスタイプ:フルサービス"", ""注記:※表示情報は店舗側が保証するものではありません。""]"
日田玉川バイパスSS / 大英石油(株),"",〒877-0071 大分県日田市十二町652-1,0973-22-2177,"[""ジャンル:コスモ石油"", ""ブランド:コスモ石油"", ""サービスタイプ:フルサービス"", ""注記:※表示情報は店舗側が保証するものではありません。""]"
セルフ本耶馬溪SS,"",〒871-0202 大分県中津市本耶馬溪町曽木1859-1,0979522728,"[""ジャンル:エネオス(JX)""]"
安岐町SS / (有)酒井商店,"",〒873-0212 大分県国東市安岐町塩屋112-4,0978-67-0302,"[""ジャンル:エネオス(JX)"", ""ブランド:伊藤忠"", ""サービスタイプ:フルサービス"", ""注記:※表示情報は店舗側が保証するものではありません。""]"
北山田SS / 秋好石油店,"",〒879-4331 大分県玖珠郡玖珠町戸畑6512-5,09737-3-7714,"[""ジャンル:エネオス(JX)"", ""ブランド:ENEOS"", ""サービスタイプ:フルサービス"", ""注記:※表示情報は店舗側が保証するものではありません。""]"
セルフステーション戸次SS,"",〒879-7764 大分県大分市大字上戸次3381-11,0975549190,"[""ジャンル:エネオス(JX)""]"
朝日SS / (株)西石油,"",〒874-0840 大分県別府市大字鶴見2754-1,0977210993,"[""ジャンル:エネオス(JX)"", ""ブランド:ENEOS"", ""サービスタイプ:セルフサービス"", ""車検サービス:あり"", ""注記:※表示情報は店舗側が保証するものではありません。""]"
乙津SS / 新光石油(株),"",〒870-0146 大分県大分市乙津港町1-5-10,097-551-5191,"[""ジャンル:コスモ石油"", ""ブランド:コスモ石油"", ""サービスタイプ:フルサービス"", ""注記:※表示情報は店舗側が保証するものではありません。""]"
玖珠第二SS / 三和石油店,"",〒879-4523 大分県玖珠郡玖珠町古後1739-3,09737-4-2206,"[""ジャンル:エネオス(JX)"", ""ブランド:ENEOS"", ""サービスタイプ:フルサービス"", ""注記:※表示情報は店舗側が保証するものではありません。""]"
湯布院SS / (有)姫野石油店,"",〒879-5102 大分県由布市湯布院町川上3709-1,0977-84-2801,"[""ジャンル:エネオス(JX)"", ""ブランド:ENEOS"", ""サービスタイプ:フルサービス"", ""注記:※表示情報は店舗側が保証するものではありません。""]"
宇目SS / (有)カネキ石油,"",〒879-3301 大分県佐伯市宇目大字小野市2644-4,0972-54-3221,"[""ジャンル:コスモ石油"", ""ブランド:コスモ石油"", ""サービスタイプ:フルサービス"", ""注記:※表示情報は店舗側が保証するものではありません。""]"
セルフ竹田SS,"",〒878-0026 大分県竹田市飛田川字山手1661-1,0974641133,"[""ジャンル:エネオス(JX)""]"
やまなみSS / (株)西石油,"",〒874-0918 大分県別府市汐見町3-31,0977210984,"[""ジャンル:エネオス(JX)"", ""ブランド:ENEOS"", ""サービスタイプ:フルサービス"", ""車検サービス:あり"", ""注記:※表示情報は店舗側が保証するものではありません。""]"
セルフ下郡SS / (株)九州エナジー,"",〒870-0951 大分県大分市下郡3260-17,0975678222,"[""ジャンル:エネオス(JX)"", ""ブランド:ENEOS"", ""サービスタイプ:セルフサービス"", ""車検サービス:あり"", ""注記:※表示情報は店舗側が保証するものではありません。""]"
日田SS / (株)アーク,"",〒877-0077 大分県日田市友田971,0973232556,"[""ジャンル:エネオス(JX)"", ""ブランド:ENEOS"", ""営業時間:24時間営業"", ""サービスタイプ:セルフサービス"", ""現金価格:\r\n\t\t\t\t\tレギュラー¥-   \r\n\t\t\t\t\tハイオク¥-   \r\n\t\t\t\t\t軽油¥-   \r\n\t\t\t\t\t灯油¥-\r\n\t\t\t\t"", ""会員価格:\r\n\t\t\t\t\tレギュラー¥159   \r\n\t\t\t\t\tハイオク¥172   \r\n\t\t\t\t\t軽油¥-   \r\n\t\t\t\t"", ""注記:※表示情報は店舗側が保証するものではありません。""]"
"","","","",[]
セルフ九重 SS,"",〒879-4721 大分県玖珠郡九重町大字粟野1265-1,0973762379,"[""ジャンル:エネオス(JX)""]"
市役所前SS / (株)西石油,"",〒874-0905 大分県別府市上野口町6-1,0977210986,"[""ジャンル:エネオス(JX)"", ""ブランド:ENEOS"", ""サービスタイプ:フルサービス"", ""車検サービス:あり"", ""注記:※表示情報は店舗側が保証するものではありません。""]"
九石ドーム松岡SS / 大分石油(株),"",〒870-0124 大分県大分市毛井351-1,097-528-7300,"[""ジャンル:エネオス(JX)"", ""ブランド:ENEOS"", ""営業時間:24時間営業"", ""サービスタイプ:セルフサービス"", ""車検サービス:あり"", ""現金価格:\r\n\t\t\t\t\tレギュラー¥176   \r\n\t\t\t\t\tハイオク¥187   \r\n\t\t\t\t\t軽油¥155   \r\n\t\t\t\t\t灯油¥-\r\n\t\t\t\t"", ""会員価格:\r\n\t\t\t\t\tレギュラー¥172   \r\n\t\t\t\t\tハイオク¥183   \r\n\t\t\t\t\t軽油¥151   \r\n\t\t\t\t"", ""注記:※表示情報は店舗側が保証するものではありません。""]"
セルフ戸次SS,"",〒879-7761 大分県大分市大字中戸次字中津留上4822-8,0975971660,"[""ジャンル:エネオス(JX)""]"
セルフ九重SS / (有)森石油店,"",〒879-4721 大分県玖珠郡九重町粟野1265-1,0973762379,"[""ジャンル:エネオス(JX)"", ""ブランド:ENEOS"", ""サービスタイプ:セルフサービス"", ""現金価格:\r\n\t\t\t\t\tレギュラー¥167   \r\n\t\t\t\t\tハイオク¥178   \r\n\t\t\t\t\t軽油¥142   \r\n\t\t\t\t\t灯油¥-\r\n\t\t\t\t"", ""会員価格:\r\n\t\t\t\t\tレギュラー¥165   \r\n\t\t\t\t\tハイオク¥176   \r\n\t\t\t\t\t軽油¥140   \r\n\t\t\t\t"", ""注記:※表示情報は店舗側が保証するものではありません。""]"
春木SS / (株)西石油,"",〒874-0910 大分県別府市石垣西10-9-19,0977252866,"[""ジャンル:エネオス(JX)"", ""ブランド:ENEOS"", ""サービスタイプ:フルサービス"", ""車検サービス:あり"", ""注記:※表示情報は店舗側が保証するものではありません。""]"
重岡SS / (有)疋田石油店,"",〒879-3201 大分県佐伯市宇目大字大平2081,0972-53-2022,"[""ジャンル:コスモ石油"", ""ブランド:コスモ石油"", ""サービスタイプ:フルサービス"", ""注記:※表示情報は店舗側が保証するものではありません。""]"
セルフカーケア下郡SS,"",〒870-0951 大分県大分市大字下郡字竹ヶ下3154-7,0975548108,"[""ジャンル:エネオス(JX)""]"
セルフ宗方SS / (株)九州エナジー,"",〒870-1152 大分県大分市上宗方419-8,0975410053,"[""ジャンル:エネオス(JX)"", ""ブランド:ENEOS"", ""営業時間:24時間営業"", ""サービスタイプ:セルフサービス"", ""車検サービス:あり"", ""注記:※表示情報は店舗側が保証するものではありません。""]"
Dr.Drive セルフ別府境川店 / 吉伴(株),"",〒874-0925 大分県別府市若草町8-22,0977-22-4124,"[""ジャンル:エネオス(JX)"", ""ブランド:ENEOS"", ""営業時間:24時間営業"", ""サービスタイプ:セルフサービス"", ""車検サービス:あり"", ""現金価格:\r\n\t\t\t\t\tレギュラー¥-   \r\n\t\t\t\t\tハイオク¥-   \r\n\t\t\t\t\t軽油¥-   \r\n\t\t\t\t\t灯油¥-\r\n\t\t\t\t"", ""会員価格:\r\n\t\t\t\t\tレギュラー¥-   \r\n\t\t\t\t\tハイオク¥181   \r\n\t\t\t\t\t軽油¥-   \r\n\t\t\t\t"", ""注記:※表示情報は店舗側が保証するものではありません。""]"
鶴見SS / (株)西石油,"",〒874-0840 大分県別府市鶴見3903,0977216101,"[""ジャンル:エネオス(JX)"", ""ブランド:ENEOS"", ""サービスタイプ:フルサービス"", ""車検サービス:あり"", ""注記:※表示情報は店舗側が保証するものではありません。""]"
直川SS / (有)巽石油店,"",〒879-3102 大分県佐伯市直川大字上直見707-2,0972-58-2048,"[""ジャンル:コスモ石油"", ""ブランド:コスモ石油"", ""サービスタイプ:フルサービス"", ""注記:※表示情報は店舗側が保証するものではありません。""]"
セルフ日出SS,"",〒879-1507 大分県速見郡日出町豊岡字弁入580-1,0977722819,"[""ジャンル:エネオス(JX)""]"
九州石油ドームSS / (株)九州エナジー,"",〒870-0126 大分県大分市横尾4081,0975205519,"[""ジャンル:エネオス(JX)"", ""ブランド:ENEOS"", ""サービスタイプ:セルフサービス"", ""車検サービス:あり"", ""注記:※表示情報は店舗側が保証するものではありません。""]"
Dr.Drive セルフ宇佐バイパス店 / 吉伴(株),"",〒879-0474 大分県宇佐市山下1209-1,0978-32-7411,"[""ジャンル:エネオス(JX)"", ""ブランド:ENEOS"", ""営業時間:24時間営業"", ""サービスタイプ:セルフサービス"", ""車検サービス:あり"", ""注記:※表示情報は店舗側が保証するものではありません。""]"
アストピアSS,"",〒875-0051 大分県臼杵市大字戸室字古蔵1008-1,0972623700,"[""ジャンル:エネオス(JX)""]"
鶴高通りSS / (株)西石油,"",〒874-0911 大分県別府市緑丘町2,0977258031,"[""ジャンル:エネオス(JX)"", ""ブランド:ENEOS"", ""サービスタイプ:セルフサービス"", ""車検サービス:あり"", ""注記:※表示情報は店舗側が保証するものではありません。""]"
セルフピュアパークプレイス大分SS / コスモ石油販売(株),"",〒870-0174 大分県大分市公園通り西2-3-1,097-525-9616,"[""ジャンル:コスモ石油"", ""ブランド:コスモ石油"", ""営業時間:24時間営業"", ""サービスタイプ:セルフサービス"", ""注記:※表示情報は店舗側が保証するものではありません。""]"
上岡SS / (資)加嶋石油店,"",〒876-0045 大分県佐伯市上岡595-1,0972-22-2747,"[""ジャンル:エネオス(JX)"", ""ブランド:ENEOS"", ""サービスタイプ:フルサービス"", ""車検サービス:あり"", ""注記:※表示情報は店舗側が保証するものではありません。""]"
Dr.Drive 宇佐中央店 / 吉伴(株),"",〒879-0456 大分県宇佐市辛島5-2,0978-32-1234,"[""ジャンル:エネオス(JX)"", ""ブランド:ENEOS"", ""サービスタイプ:フルサービス"", ""車検サービス:あり"", ""注記:※表示情報は店舗側が保証するものではありません。""]"
川崎SS / (有)こうの石油,"",〒879-1505 大分県速見郡日出町川崎3683-4,0977-73-2112,"[""ジャンル:コスモ石油"", ""ブランド:コスモ石油"", ""サービスタイプ:フルサービス"", ""注記:※表示情報は店舗側が保証するものではありません。""]"
(有)熊谷石油店 中津中央SS,(ゆう)くまがいせきゆてん なかつちゅうおうSS,〒871-0007 大分県中津市大字蛎瀬815-6,0979227693,"[""ジャンル:出光興産"", ""営業時間:平日:SSにご確認ください休日:SSにご確認ください"", ""定休日:SSにご確認ください"", ""サービス:出光カード出光キャッシュプリカBizカード""]"
マイセルフまきSS / 鶴崎海陸運輸(株),"",〒870-0152 大分県大分市牧1-195,097-503-1060,"[""ジャンル:エネオス(JX)"", ""ブランド:ENEOS"", ""営業時間:24時間営業"", ""サービスタイプ:セルフサービス"", ""現金価格:\r\n\t\t\t\t\tレギュラー¥164   \r\n\t\t\t\t\tハイオク¥-   \r\n\t\t\t\t\t軽油¥-   \r\n\t\t\t\t\t灯油¥-\r\n\t\t\t\t"", ""会員価格:\r\n\t\t\t\t\tレギュラー¥-   \r\n\t\t\t\t\tハイオク¥-   \r\n\t\t\t\t\t軽油¥-   \r\n\t\t\t\t"", ""注記:※表示情報は店舗側が保証するものではありません。""]"
"","","","",[]
臼杵インターSS / 東九州石油(株),"",〒875-0052 大分県臼杵市市浜1173-1,0927137724,"[""ジャンル:コスモ石油"", ""ブランド:コスモ石油"", ""サービスタイプ:セルフサービス"", ""車検サービス:あり"", ""注記:※表示情報は店舗側が保証するものではありません。""]"
賀来SS / (株)アーク,"",〒870-0877 大分県大分市賀来664,0975497218,"[""ジャンル:エネオス(JX)"", ""ブランド:ENEOS"", ""サービスタイプ:セルフサービス"", ""現金価格:\r\n\t\t\t\t\tレギュラー¥-   \r\n\t\t\t\t\tハイオク¥-   \r\n\t\t\t\t\t軽油¥-   \r\n\t\t\t\t\t灯油¥-\r\n\t\t\t\t"", ""会員価格:\r\n\t\t\t\t\tレギュラー¥166   \r\n\t\t\t\t\tハイオク¥-   \r\n\t\t\t\t\t軽油¥-   \r\n\t\t\t\t"", ""注記:※表示情報は店舗側が保証するものではありません。""]"
東九州アポロ(株) 三重SS,ひがしきゆうしゆうあぽろ(かぶ) みえSS,〒879-7131 大分県豊後大野市三重町市場491-3,0974220818,"[""ジャンル:出光興産"", ""営業時間:平日:SSにご確認ください休日:SSにご確認ください"", ""定休日:SSにご確認ください"", ""サービス:出光カード出光キャッシュプリカBizカード""]"
Dr.Drive セルフ羽屋店 / (株)山作,"",〒870-0854 大分県大分市羽屋281-1,097-544-2278,"[""ジャンル:エネオス(JX)"", ""ブランド:ENEOS"", ""サービスタイプ:セルフサービス"", ""車検サービス:あり"", ""注記:※表示情報は店舗側が保証するものではありません。""]"
松岡SS / 新光石油(株),"",〒870-0125 大分県大分市松岡5083-1,097-520-1975,"[""ジャンル:エネオス(JX)"", ""ブランド:ENEOS"", ""サービスタイプ:フルサービス"", ""注記:※表示情報は店舗側が保証するものではありません。""]"
荻SS / JAおおいた,"",〒879-6115 大分県竹田市荻町馬場519-1,0974-68-2019,"[""ジャンル:コスモ石油"", ""ブランド:コスモ石油"", ""サービスタイプ:フルサービス"", ""注記:※表示情報は店舗側が保証するものではありません。""]"
セルフ佐伯SS / (株)ファインワン,"",〒876-0047 大分県佐伯市鶴岡西町1-180,0972248960,"[""ジャンル:エネオス(JX)"", ""ブランド:ENEOS"", ""サービスタイプ:セルフサービス"", ""現金価格:\r\n\t\t\t\t\tレギュラー¥-   \r\n\t\t\t\t\tハイオク¥-   \r\n\t\t\t\t\t軽油¥-   \r\n\t\t\t\t\t灯油¥-\r\n\t\t\t\t"", ""会員価格:\r\n\t\t\t\t\tレギュラー¥-   \r\n\t\t\t\t\tハイオク¥183   \r\n\t\t\t\t\t軽油¥-   \r\n\t\t\t\t"", ""注記:※表示情報は店舗側が保証するものではありません。""]"
臼杵公園SS / 板井酸素(株),"",〒875-0041 大分県臼杵市臼杵75-30,0972-62-4624,"[""ジャンル:出光興産"", ""ブランド:出光興産"", ""サービスタイプ:フルサービス"", ""注記:※表示情報は店舗側が保証するものではありません。""]"
高田南SS / (株)仲摩義光商店,"",〒870-0118 大分県大分市下徳丸18,0975213536,"[""ジャンル:エネオス(JX)"", ""ブランド:ENEOS"", ""サービスタイプ:セルフサービス"", ""注記:※表示情報は店舗側が保証するものではありません。""]"
豊後高田SS / 共和商事(株),"",〒879-0606 大分県豊後高田市玉津1896-3,0978-22-2224,"[""ジャンル:コスモ石油"", ""ブランド:コスモ石油"", ""サービスタイプ:フルサービス"", ""注記:※表示情報は店舗側が保証するものではありません。""]"
Dr.Drive セルフ新日鉄前SS / 加藤石油(株),"",〒870-0921 大分県大分市萩原4-8-28,097-558-4771,"[""ジャンル:エネオス(JX)"", ""ブランド:ENEOS"", ""営業時間:24時間営業"", ""サービスタイプ:セルフサービス"", ""車検サービス:あり"", ""現金価格:\r\n\t\t\t\t\tレギュラー¥-   \r\n\t\t\t\t\tハイオク¥-   \r\n\t\t\t\t\t軽油¥151   \r\n\t\t\t\t\t灯油¥-\r\n\t\t\t\t"", ""会員価格:\r\n\t\t\t\t\tレギュラー¥-   \r\n\t\t\t\t\tハイオク¥-   \r\n\t\t\t\t\t軽油¥-   \r\n\t\t\t\t"", ""注記:※表示情報は店舗側が保証するものではありません。""]"
スーパーセルフ臼杵SS / 東九州アポロ(株),"",〒875-0053 大分県臼杵市福良1873-1,0972-63-8315,"[""ジャンル:出光興産"", ""ブランド:出光興産"", ""サービスタイプ:セルフサービス"", ""車検サービス:あり"", ""現金価格:\r\n\t\t\t\t\tレギュラー¥170   \r\n\t\t\t\t\tハイオク¥181   \r\n\t\t\t\t\t軽油¥140   \r\n\t\t\t\t\t灯油¥-\r\n\t\t\t\t"", ""会員価格:\r\n\t\t\t\t\tレギュラー¥162   \r\n\t\t\t\t\tハイオク¥173   \r\n\t\t\t\t\t軽油¥133   \r\n\t\t\t\t"", ""注記:※表示情報は店舗側が保証するものではありません。""]"
Dr.Drive セルフ中津産業通り店 / 吉伴(株),"",〒871-0001 大分県中津市大新田89-1,0979-53-9338,"[""ジャンル:エネオス(JX)"", ""ブランド:ENEOS"", ""営業時間:24時間営業"", ""サービスタイプ:セルフサービス"", ""車検サービス:あり"", ""現金価格:\r\n\t\t\t\t\tレギュラー¥-   \r\n\t\t\t\t\tハイオク¥-   \r\n\t\t\t\t\t軽油¥-   \r\n\t\t\t\t\t灯油¥-\r\n\t\t\t\t"", ""会員価格:\r\n\t\t\t\t\tレギュラー¥166   \r\n\t\t\t\t\tハイオク¥-   \r\n\t\t\t\t\t軽油¥-   \r\n\t\t\t\t"", ""注記:※表示情報は店舗側が保証するものではありません。""]"
ホットハートモリSS / (株)九州エナジー,"",〒870-0128 大分県大分市森584-5,0975215555,"[""ジャンル:エネオス(JX)"", ""ブランド:ENEOS"", ""営業時間:24時間営業"", ""サービスタイプ:セルフサービス"", ""車検サービス:あり"", ""注記:※表示情報は店舗側が保証するものではありません。""]"
セルフ湯布院SS / (有)大谷商会,"",〒879-5102 大分県由布市湯布院町川上3035-7,0977-84-2436,"[""ジャンル:コスモ石油"", ""ブランド:コスモ石油"", ""サービスタイプ:セルフサービス"", ""注記:※表示情報は店舗側が保証するものではありません。""]"
"","","","",[]
国東SS / 大分石油(株),"",〒873-0503 大分県国東市国東町鶴川8,0978-72-0164,"[""ジャンル:エネオス(JX)"", ""ブランド:ENEOS"", ""サービスタイプ:セルフサービス"", ""注記:※表示情報は店舗側が保証するものではありません。""]"
津久見SS / 東九州アポロ(株),"",〒879-2413 大分県津久見市津久見浦3825-68,0972-82-2786,"[""ジャンル:出光興産"", ""ブランド:出光興産"", ""サービスタイプ:フルサービス"", ""注記:※表示情報は店舗側が保証するものではありません。""]"
Dr.Drive 大分花園店 / 吉伴(株),"",〒870-0854 大分県大分市羽屋775-1,097-543-8688,"[""ジャンル:エネオス(JX)"", ""ブランド:ENEOS"", ""サービスタイプ:フルサービス"", ""車検サービス:あり"", ""注記:※表示情報は店舗側が保証するものではありません。""]"
安心院SS / 賀来石油(株),"",〒872-0521 大分県宇佐市安心院町下毛2096-1,0978-44-0331,"[""ジャンル:エネオス(JX)"", ""ブランド:ENEOS"", ""サービスタイプ:セルフサービス"", ""注記:※表示情報は店舗側が保証するものではありません。""]"
セルフ乙津SS / (株)九州エナジー,"",〒870-0145 大分県大分市乙津町5-8,0975273155,"[""ジャンル:エネオス(JX)"", ""ブランド:ENEOS"", ""営業時間:24時間営業"", ""サービスタイプ:セルフサービス"", ""車検サービス:あり"", ""注記:※表示情報は店舗側が保証するものではありません。""]"
宇佐SS / (有)木城石油,"",〒879-0151 大分県宇佐市宮熊175-3,0978-33-3720,"[""ジャンル:コスモ石油"", ""ブランド:コスモ石油"", ""サービスタイプ:フルサービス"", ""現金価格:\r\n\t\t\t\t\tレギュラー¥-   \r\n\t\t\t\t\tハイオク¥-   \r\n\t\t\t\t\t軽油¥-   \r\n\t\t\t\t\t灯油¥-\r\n\t\t\t\t"", ""会員価格:\r\n\t\t\t\t\tレギュラー¥165   \r\n\t\t\t\t\tハイオク¥-   \r\n\t\t\t\t\t軽油¥-   \r\n\t\t\t\t"", ""注記:※表示情報は店舗側が保証するものではありません。""]"
千怒SS / (有)津久見石油,"",〒879-2401 大分県津久見市千怒6013,09728-2-3581,"[""ジャンル:出光興産"", ""ブランド:出光興産"", ""サービスタイプ:フルサービス"", ""注記:※表示情報は店舗側が保証するものではありません。""]"
深見SS / 賀来石油(株),"",〒872-0514 大分県宇佐市安心院町鳥越354,0978-44-4331,"[""ジャンル:エネオス(JX)"", ""ブランド:ENEOS"", ""サービスタイプ:フルサービス"", ""注記:※表示情報は店舗側が保証するものではありません。""]"
Dr.Drive セルフ東高城店 / 吉伴(株),"",〒870-0135 大分県大分市仲西町2-2-8,097-558-2669,"[""ジャンル:エネオス(JX)"", ""ブランド:ENEOS"", ""営業時間:24時間営業"", ""サービスタイプ:セルフサービス"", ""車検サービス:あり"", ""現金価格:\r\n\t\t\t\t\tレギュラー¥-   \r\n\t\t\t\t\tハイオク¥-   \r\n\t\t\t\t\t軽油¥-   \r\n\t\t\t\t\t灯油¥-\r\n\t\t\t\t"", ""会員価格:\r\n\t\t\t\t\tレギュラー¥168   \r\n\t\t\t\t\tハイオク¥179   \r\n\t\t\t\t\t軽油¥147   \r\n\t\t\t\t"", ""注記:※表示情報は店舗側が保証するものではありません。""]"
三佐SS / 鶴崎海陸運輸(株),"",〒870-0108 大分県大分市三佐1032,0975216128,"[""ジャンル:エネオス(JX)"", ""ブランド:ENEOS"", ""営業時間:24時間営業"", ""サービスタイプ:セルフサービス"", ""注記:※表示情報は店舗側が保証するものではありません。""]"
城内SS / (有)日高石油,"",〒877-0003 大分県日田市上城内町1-22,0973-22-6624,"[""ジャンル:出光興産"", ""ブランド:出光興産"", ""サービスタイプ:フルサービス"", ""注記:※表示情報は店舗側が保証するものではありません。""]"
観海寺セルフSS / 東九州石油(株),"",〒874-0839 大分県別府市南立石一区2092-6,0977-22-2876,"[""ジャンル:コスモ石油"", ""ブランド:コスモ石油"", ""サービスタイプ:セルフサービス"", ""注記:※表示情報は店舗側が保証するものではありません。""]"
Dr.Drive 米良バイパス店 / 吉伴(株),"",〒870-0955 大分県大分市下郡南5-3-8,097-554-6141,"[""ジャンル:エネオス(JX)"", ""ブランド:ENEOS"", ""サービスタイプ:フルサービス"", ""車検サービス:あり"", ""注記:※表示情報は店舗側が保証するものではありません。""]"
セルフ東別府SS / (有)かぼす石油 ,"",〒874-0945 大分県別府市浜町15-22,0977-24-2323,"[""ジャンル:エネオス(JX)"", ""ブランド:ENEOS"", ""営業時間:24時間営業"", ""サービスタイプ:セルフサービス"", ""注記:※表示情報は店舗側が保証するものではありません。""]"
セルフ大在小学校前SS / 江藤エネルギー(株),"",〒870-0251 大分県大分市大在中央1-4-25,097-528-9975,"[""ジャンル:エネオス(JX)"", ""ブランド:ENEOS"", ""営業時間:24時間営業"", ""サービスタイプ:セルフサービス"", ""現金価格:\r\n\t\t\t\t\tレギュラー¥-   \r\n\t\t\t\t\tハイオク¥-   \r\n\t\t\t\t\t軽油¥-   \r\n\t\t\t\t\t灯油¥-\r\n\t\t\t\t"", ""会員価格:\r\n\t\t\t\t\tレギュラー¥161   \r\n\t\t\t\t\tハイオク¥-   \r\n\t\t\t\t\t軽油¥-   \r\n\t\t\t\t"", ""注記:※表示情報は店舗側が保証するものではありません。""]"
"","","","",[]
湯平温泉SS / (有)大谷商会,"",〒879-5111 大分県由布市湯布院町下湯平2048-1,0977-86-2155,"[""ジャンル:コスモ石油"", ""ブランド:コスモ石油"", ""サービスタイプ:フルサービス"", ""注記:※表示情報は店舗側が保証するものではありません。""]"
日田SS / 出光リテール販売(株),"",〒877-0014 大分県日田市本町9-1,0973-23-6131,"[""ジャンル:出光興産"", ""ブランド:出光興産"", ""サービスタイプ:フルサービス"", ""車検サービス:あり"", ""現金価格:\r\n\t\t\t\t\tレギュラー¥167   \r\n\t\t\t\t\tハイオク¥178   \r\n\t\t\t\t\t軽油¥142   \r\n\t\t\t\t\t灯油¥-\r\n\t\t\t\t"", ""会員価格:\r\n\t\t\t\t\tレギュラー¥165   \r\n\t\t\t\t\tハイオク¥176   \r\n\t\t\t\t\t軽油¥140   \r\n\t\t\t\t"", ""注記:※表示情報は店舗側が保証するものではありません。""]"
直入SS / JAおおいた,"",〒878-0402 大分県竹田市直入町大字長湯8518-10,0974752238,"[""ジャンル:コスモ石油"", ""ブランド:コスモ石油"", ""サービスタイプ:フルサービス"", ""注記:※表示情報は店舗側が保証するものではありません。""]"
大分南TS / エネクスフリート(株),"",〒879-7764 大分県大分市上戸次484-3-2,097-597-3307,"[""ジャンル:エネオス(JX)"", ""ブランド:ENEOS"", ""営業時間:24時間営業"", ""サービスタイプ:セルフサービス"", ""注記:※表示情報は店舗側が保証するものではありません。""]"
大手町SS / (株)九州エナジー,"",〒870-0022 大分県大分市大手町1-2-12,0975325101,"[""ジャンル:エネオス(JX)"", ""ブランド:ENEOS"", ""サービスタイプ:フルサービス"", ""車検サービス:あり"", ""注記:※表示情報は店舗側が保証するものではありません。""]"
岩室SS / (有)岩室給油所,"",〒879-4405 大分県玖珠郡玖珠町岩室812,09737-2-2594,"[""ジャンル:出光興産"", ""ブランド:出光興産"", ""サービスタイプ:フルサービス"", ""注記:※表示情報は店舗側が保証するものではありません。""]"
くるまクリニック セルフ城陽大在SS / 城陽石油(株),"",〒870-0267 大分県大分市城原388-2,097-593-0927,"[""ジャンル:エッソ石油(エクソン)"", ""ブランド:エッソ石油"", ""営業時間:24時間営業"", ""サービスタイプ:セルフサービス"", ""車検サービス:あり"", ""現金価格:\r\n\t\t\t\t\tレギュラー¥-   \r\n\t\t\t\t\tハイオク¥-   \r\n\t\t\t\t\t軽油¥-   \r\n\t\t\t\t\t灯油¥-\r\n\t\t\t\t"", ""会員価格:\r\n\t\t\t\t\tレギュラー¥160   \r\n\t\t\t\t\tハイオク¥171   \r\n\t\t\t\t\t軽油¥138   \r\n\t\t\t\t"", ""注記:※表示情報は店舗側が保証するものではありません。""]"
大山SS / (株)梅原石油,"",〒877-0201 大分県日田市大山町西大山3463-1,0973522018,"[""ジャンル:ゼネラル石油(エクソン)"", ""ブランド:ゼネラル石油"", ""サービスタイプ:フルサービス"", ""注記:※表示情報は店舗側が保証するものではありません。""]"
竹田SS / 加藤石油(株),"",〒878-0011 大分県竹田市会々2249-2,0974631160,"[""ジャンル:エネオス(JX)"", ""ブランド:ENEOS"", ""サービスタイプ:フルサービス"", ""注記:※表示情報は店舗側が保証するものではありません。""]"
豊後中村SS / (有)河野石油,"",〒879-4801 大分県玖珠郡九重町右田533-3,09737-7-6408,"[""ジャンル:出光興産"", ""ブランド:出光興産"", ""サービスタイプ:フルサービス"", ""注記:※表示情報は店舗側が保証するものではありません。""]"
Express セルフ別府SS / 福岡スタンダード石油(株),"",〒874-0023 大分県別府市上人ケ浜町1412-6,0977-27-7355,"[""ジャンル:エッソ石油(エクソン)"", ""ブランド:エッソ石油"", ""営業時間:24時間営業"", ""サービスタイプ:セルフサービス"", ""現金価格:\r\n\t\t\t\t\tレギュラー¥169   \r\n\t\t\t\t\tハイオク¥180   \r\n\t\t\t\t\t軽油¥145   \r\n\t\t\t\t\t灯油¥-\r\n\t\t\t\t"", ""会員価格:\r\n\t\t\t\t\tレギュラー¥165   \r\n\t\t\t\t\tハイオク¥176   \r\n\t\t\t\t\t軽油¥141   \r\n\t\t\t\t"", ""注記:※表示情報は店舗側が保証するものではありません。""]"
セルフ大分SS / (株)九州エナジー,"",〒870-0037 大分県大分市東春日町2-5,0975340472,"[""ジャンル:エネオス(JX)"", ""ブランド:ENEOS"", ""営業時間:24時間営業"", ""サービスタイプ:セルフサービス"", ""車検サービス:あり"", ""注記:※表示情報は店舗側が保証するものではありません。""]"
竹田ドライブインSS / 加藤石油(株),"",〒879-6184 大分県竹田市菅生939-1,0974652515,"[""ジャンル:エネオス(JX)"", ""ブランド:ENEOS"", ""サービスタイプ:フルサービス"", ""注記:※表示情報は店舗側が保証するものではありません。""]"
Express 明野SS / (株)柴田石油商会,"",〒870-0147 大分県大分市小池原1100-1,0975321155,"[""ジャンル:ゼネラル石油(エクソン)"", ""ブランド:ゼネラル石油"", ""サービスタイプ:セルフサービス"", ""注記:※表示情報は店舗側が保証するものではありません。""]"
明野SS / 辛島石油販売(株),"",〒870-0134 大分県大分市猪野1575-2,097-520-1366,"[""ジャンル:出光興産"", ""ブランド:出光興産"", ""サービスタイプ:フルサービス"", ""車検サービス:あり"", ""注記:※表示情報は店舗側が保証するものではありません。""]"
Express セルフ大分SS / 福岡スタンダード石油(株),"",〒870-0924 大分県大分市牧1-160,097-504-3811,"[""ジャンル:エッソ石油(エクソン)"", ""ブランド:エッソ石油"", ""営業時間:24時間営業"", ""サービスタイプ:セルフサービス"", ""現金価格:\r\n\t\t\t\t\tレギュラー¥-   \r\n\t\t\t\t\tハイオク¥-   \r\n\t\t\t\t\t軽油¥-   \r\n\t\t\t\t\t灯油¥-\r\n\t\t\t\t"", ""会員価格:\r\n\t\t\t\t\tレギュラー¥164   \r\n\t\t\t\t\tハイオク¥175   \r\n\t\t\t\t\t軽油¥140   \r\n\t\t\t\t"", ""注記:※表示情報は店舗側が保証するものではありません。""]"
Dr.Drive セルフ豊後岡藩SS / 加藤石油(株),"",〒878-0005 大分県竹田市挾田1058,0974631165,"[""ジャンル:エネオス(JX)"", ""ブランド:ENEOS"", ""サービスタイプ:セルフサービス"", ""車検サービス:あり"", ""注記:※表示情報は店舗側が保証するものではありません。""]"
産業通SS / (株)柴田石油商会,"",〒870-0028 大分県大分市新町3-18,0975348307,"[""ジャンル:ゼネラル石油(エクソン)"", ""ブランド:ゼネラル石油"", ""サービスタイプ:フルサービス"", ""注記:※表示情報は店舗側が保証するものではありません。""]"
南大分SS / 新光石油(株),"",〒870-0855 大分県大分市豊饒447-1,0975-43-0789,"[""ジャンル:エネオス(JX)"", ""ブランド:ENEOS"", ""サービスタイプ:フルサービス"", ""注記:※表示情報は店舗側が保証するものではありません。""]"
"","","","",[]
弁天SS / 東九州アポロ(株),"",〒870-0017 大分県大分市弁天2-7-5,097-535-0111,"[""ジャンル:出光興産"", ""ブランド:出光興産"", ""サービスタイプ:フルサービス"", ""注記:※表示情報は店舗側が保証するものではありません。""]"
Express 米良SS / 相光石油(株),"",〒870-0954 大分県大分市下郡中央2-9-16,097-554-6051,"[""ジャンル:エッソ石油(エクソン)"", ""ブランド:エッソ石油"", ""営業時間:24時間営業"", ""サービスタイプ:セルフサービス"", ""注記:※表示情報は店舗側が保証するものではありません。""]"
Dr.Drive 東中津店 / 吉伴(株),"",〒871-0011 大分県中津市下池永378,0979-22-5092,"[""ジャンル:エネオス(JX)"", ""ブランド:ENEOS"", ""サービスタイプ:フルサービス"", ""車検サービス:あり"", ""現金価格:\r\n\t\t\t\t\tレギュラー¥-   \r\n\t\t\t\t\tハイオク¥-   \r\n\t\t\t\t\t軽油¥-   \r\n\t\t\t\t\t灯油¥-\r\n\t\t\t\t"", ""会員価格:\r\n\t\t\t\t\tレギュラー¥167   \r\n\t\t\t\t\tハイオク¥178   \r\n\t\t\t\t\t軽油¥-   \r\n\t\t\t\t"", ""注記:※表示情報は店舗側が保証するものではありません。""]"
古国府SS / (株)柴田石油商会,"",〒870-0844 大分県大分市古国府209-7,0975433655,"[""ジャンル:ゼネラル石油(エクソン)"", ""ブランド:ゼネラル石油"", ""サービスタイプ:フルサービス"", ""注記:※表示情報は店舗側が保証するものではありません。""]"
古国府SS / 新光石油(株),"",〒870-0844 大分県大分市古国府380-4,097-545-2778,"[""ジャンル:エネオス(JX)"", ""ブランド:ENEOS"", ""営業時間:24時間営業"", ""サービスタイプ:セルフサービス"", ""注記:※表示情報は店舗側が保証するものではありません。""]"
木ノ上SS / (有)たから屋,"",〒870-1161 大分県大分市木上81,097-541-0026,"[""ジャンル:出光興産"", ""ブランド:出光興産"", ""サービスタイプ:フルサービス"", ""注記:※表示情報は店舗側が保証するものではありません。""]"
松岡SS / 平野石油,"",〒870-0125 大分県大分市松岡1740-1,097-524-6904,"[""ジャンル:コスモ石油"", ""ブランド:コスモ石油"", ""サービスタイプ:フルサービス"", ""注記:※表示情報は店舗側が保証するものではありません。""]"
セルフ日出SS / 加藤石油(株),"",〒879-1507 大分県速見郡日出町豊岡580-1,0977722819,"[""ジャンル:エネオス(JX)"", ""ブランド:ENEOS"", ""営業時間:24時間営業"", ""サービスタイプ:セルフサービス"", ""注記:※表示情報は店舗側が保証するものではありません。""]"
南大分SS / (株)柴田石油商会,"",〒879-7881 大分県大分市奥田501-11,0975447005,"[""ジャンル:ゼネラル石油(エクソン)"", ""ブランド:ゼネラル石油"", ""サービスタイプ:フルサービス"", ""注記:※表示情報は店舗側が保証するものではありません。""]"
セルフ大分インターSS / (株)イデックスリテール大分,"",〒870-0030 大分県大分市三芳1088-1,0975467887,"[""ジャンル:エネオス(JX)"", ""ブランド:ENEOS"", ""営業時間:24時間営業"", ""サービスタイプ:セルフサービス"", ""車検サービス:あり"", ""現金価格:\r\n\t\t\t\t\tレギュラー¥172   \r\n\t\t\t\t\tハイオク¥-   \r\n\t\t\t\t\t軽油¥-   \r\n\t\t\t\t\t灯油¥-\r\n\t\t\t\t"", ""会員価格:\r\n\t\t\t\t\tレギュラー¥-   \r\n\t\t\t\t\tハイオク¥-   \r\n\t\t\t\t\t軽油¥-   \r\n\t\t\t\t"", ""注記:※表示情報は店舗側が保証するものではありません。""]"
大分インターSS / 東九州アポロ(株),"",〒870-0030 大分県大分市三芳1771-1,097-545-0323,"[""ジャンル:出光興産"", ""ブランド:出光興産"", ""サービスタイプ:フルサービス"", ""注記:※表示情報は店舗側が保証するものではありません。""]"
春日浦SS / 東九州石油(株),"",〒870-0011 大分県大分市勢家343-49,097-533-1882,"[""ジャンル:コスモ石油"", ""ブランド:コスモ石油"", ""サービスタイプ:フルサービス"", ""注記:※表示情報は店舗側が保証するものではありません。""]"
Dr.Drive セルフ別府鶴見店 / 吉伴(株),"",〒874-0836 大分県別府市東荘園5-1,0977-22-5469,"[""ジャンル:エネオス(JX)"", ""ブランド:ENEOS"", ""サービスタイプ:セルフサービス"", ""車検サービス:あり"", ""注記:※表示情報は店舗側が保証するものではありません。""]"
Express 西の台SS / (株)柴田石油商会,"",〒870-0829 大分県大分市三芳椎迫4-1-4,097-546-0050,"[""ジャンル:ゼネラル石油(エクソン)"", ""ブランド:ゼネラル石油"", ""営業時間:24時間営業"", ""サービスタイプ:セルフサービス"", ""車検サービス:あり"", ""注記:※表示情報は店舗側が保証するものではありません。""]"
プリテール羽屋SS / 清家石油(株),"",〒870-0854 大分県大分市羽屋43-1,097-554-5515,"[""ジャンル:出光興産"", ""ブランド:出光興産"", ""営業時間:24時間営業"", ""サービスタイプ:セルフサービス"", ""注記:※表示情報は店舗側が保証するものではありません。""]"
ドームステーション弓ケ浜SS / 東九州石油(株),"",〒874-0927 大分県別府市弓ケ浜町6-16,0977-22-3181,"[""ジャンル:コスモ石油"", ""ブランド:コスモ石油"", ""サービスタイプ:フルサービス"", ""注記:※表示情報は店舗側が保証するものではありません。""]"
賀来SS / 泉産業(有),"",〒870-0848 大分県大分市賀来北1-2-48,0975492235,"[""ジャンル:エネオス(JX)"", ""ブランド:ENEOS"", ""サービスタイプ:フルサービス"", ""注記:※表示情報は店舗側が保証するものではありません。""]"
Dr.Drive 上人店 / 吉伴(株),"",〒874-0023 大分県別府市上人ケ浜町482-22,0977-67-4561,"[""ジャンル:エネオス(JX)"", ""ブランド:ENEOS"", ""サービスタイプ:フルサービス"", ""車検サービス:あり"", ""注記:※表示情報は店舗側が保証するものではありません。""]"
東大分SS / 東九州アポロ(株),"",〒870-0152 大分県大分市牧1-10-11,0975-58-1234,"[""ジャンル:出光興産"", ""ブランド:出光興産"", ""サービスタイプ:フルサービス"", ""注記:※表示情報は店舗側が保証するものではありません。""]"
東大分SS / (株)柴田石油商会,"",〒870-0938 大分県大分市今津留3-2-18,0975587752,"[""ジャンル:ゼネラル石油(エクソン)"", ""ブランド:ゼネラル石油"", ""サービスタイプ:フルサービス"", ""注記:※表示情報は店舗側が保証するものではありません。""]"
大道SS / 東九州石油(株),"",〒870-0820 大分県大分市西大道2-1-1,097-543-6411,"[""ジャンル:コスモ石油"", ""ブランド:コスモ石油"", ""サービスタイプ:フルサービス"", ""注記:※表示情報は店舗側が保証するものではありません。""]"
オアシス賀来SS / 鶴崎海陸運輸(株),"",〒870-0849 大分県大分市賀来南1-9-29,0975-49-5580,"[""ジャンル:エネオス(JX)"", ""ブランド:ENEOS"", ""サービスタイプ:フルサービス"", ""注記:※表示情報は店舗側が保証するものではありません。""]"
小野屋バイパスSS / (株)キチセ,"",〒879-5404 大分県由布市庄内町櫟木1061,0975820829,"[""ジャンル:出光興産"", ""ブランド:出光興産"", ""サービスタイプ:フルサービス"", ""注記:※表示情報は店舗側が保証するものではありません。""]"
三重SS / 東九州石油(株),"",〒879-7131 大分県豊後大野市三重町市場1222,0974220130,"[""ジャンル:コスモ石油"", ""ブランド:コスモ石油"", ""サービスタイプ:フルサービス"", ""車検サービス:あり"", ""注記:※表示情報は店舗側が保証するものではありません。""]"
寒田SS / (株)柴田石油商会,"",〒870-1123 大分県大分市寒田952-31,0975682266,"[""ジャンル:ゼネラル石油(エクソン)"", ""ブランド:ゼネラル石油"", ""サービスタイプ:フルサービス"", ""注記:※表示情報は店舗側が保証するものではありません。""]"
セルフ明野SS / 岩田商事(株),"",〒870-0165 大分県大分市明野北1-8-7,097-551-1250,"[""ジャンル:エネオス(JX)"", ""ブランド:ENEOS"", ""サービスタイプ:セルフサービス"", ""注記:※表示情報は店舗側が保証するものではありません。""]"
メルカート松岡SS / (株)スズキ,"",〒870-0124 大分県大分市毛井818-1,0375201332,"[""ジャンル:エネオス(JX)"", ""ブランド:ENEOS"", ""サービスタイプ:フルサービス"", ""注記:※表示情報は店舗側が保証するものではありません。""]"
小野屋SS / (株)キチセ,"",〒879-5405 大分県由布市庄内町東長宝448-36,0975820830,"[""ジャンル:出光興産"", ""ブランド:出光興産"", ""サービスタイプ:フルサービス"", ""注記:※表示情報は店舗側が保証するものではありません。""]"
マリンピア津久見SS / 東九州石油(株),"",〒879-2442 大分県津久見市港町6-20,0972-82-5205,"[""ジャンル:コスモ石油"", ""ブランド:コスモ石油"", ""サービスタイプ:フルサービス"", ""注記:※表示情報は店舗側が保証するものではありません。""]"
ドリーム三川SS / (有)九北商事,"",〒873-0005 大分県杵築市猪尾533-1,0978-64-0888,"[""ジャンル:エネオス(JX)"", ""ブランド:ENEOS"", ""サービスタイプ:フルサービス"", ""注記:※表示情報は店舗側が保証するものではありません。""]"
下郡SS / (株)柴田石油商会,"",〒870-0943 大分県大分市片島369,0975698282,"[""ジャンル:ゼネラル石油(エクソン)"", ""ブランド:ゼネラル石油"", ""サービスタイプ:フルサービス"", ""注記:※表示情報は店舗側が保証するものではありません。""]"
杵築SS / (有)東玉男商店,"",〒873-0008 大分県杵築市熊野2071-1,0978-62-4782,"[""ジャンル:ゼネラル石油(エクソン)"", ""ブランド:ゼネラル石油"", ""サービスタイプ:フルサービス"", ""注記:※表示情報は店舗側が保証するものではありません。""]"
明野SS / 新光石油(株),"",〒870-0161 大分県大分市明野東2-32-22,0975-58-6560,"[""ジャンル:エネオス(JX)"", ""ブランド:ENEOS"", ""サービスタイプ:フルサービス"", ""注記:※表示情報は店舗側が保証するものではありません。""]"
210号大分光吉インターSS / (株)西日本宇佐美,"",〒870-1151 大分県大分市市42-8,0975421975,"[""ジャンル:出光興産"", ""ブランド:出光興産"", ""営業時間:24時間営業"", ""サービスタイプ:セルフサービス"", ""現金価格:\r\n\t\t\t\t\tレギュラー¥-   \r\n\t\t\t\t\tハイオク¥-   \r\n\t\t\t\t\t軽油¥-   \r\n\t\t\t\t\t灯油¥-\r\n\t\t\t\t"", ""会員価格:\r\n\t\t\t\t\tレギュラー¥167   \r\n\t\t\t\t\tハイオク¥-   \r\n\t\t\t\t\t軽油¥-   \r\n\t\t\t\t"", ""注記:※表示情報は店舗側が保証するものではありません。""]"
大分南SS / 東九州石油(株),"",〒870-1121 大分県大分市鴛野867-1,097-569-3308,"[""ジャンル:コスモ石油"", ""ブランド:コスモ石油"", ""サービスタイプ:フルサービス"", ""注記:※表示情報は店舗側が保証するものではありません。""]"
Dr.Drive セルフわさだ店 / 吉伴(株),"",〒870-1151 大分県大分市堺ノ坪59-1,097-541-1981,"[""ジャンル:エネオス(JX)"", ""ブランド:ENEOS"", ""営業時間:24時間営業"", ""サービスタイプ:セルフサービス"", ""車検サービス:あり"", ""現金価格:\r\n\t\t\t\t\tレギュラー¥-   \r\n\t\t\t\t\tハイオク¥-   \r\n\t\t\t\t\t軽油¥-   \r\n\t\t\t\t\t灯油¥-\r\n\t\t\t\t"", ""会員価格:\r\n\t\t\t\t\tレギュラー¥166   \r\n\t\t\t\t\tハイオク¥-   \r\n\t\t\t\t\t軽油¥-   \r\n\t\t\t\t"", ""注記:※表示情報は店舗側が保証するものではありません。""]"
"","","","",[]
坂ノ市SS / (有)内田石油,"",〒870-0307 大分県大分市坂ノ市中央1-11-36,097-592-1630,"[""ジャンル:出光興産"", ""ブランド:出光興産"", ""サービスタイプ:フルサービス"", ""注記:※表示情報は店舗側が保証するものではありません。""]"
セルフ米良バイパスSS / (株)九州エナジー,"",〒870-0954 大分県大分市下郡中央3-1-15,0975670125,"[""ジャンル:エネオス(JX)"", ""ブランド:ENEOS"", ""営業時間:24時間営業"", ""サービスタイプ:セルフサービス"", ""車検サービス:あり"", ""注記:※表示情報は店舗側が保証するものではありません。""]"
弁天町SS / 東九州石油(株),"",〒870-0017 大分県大分市弁天1-1-3,097-535-0846,"[""ジャンル:コスモ石油"", ""ブランド:コスモ石油"", ""サービスタイプ:フルサービス"", ""注記:※表示情報は店舗側が保証するものではありません。""]"
別府流川SS / (株)西石油,"",〒874-0930 大分県別府市光町12-21,0977258389,"[""ジャンル:キグナス石油"", ""ブランド:キグナス石油"", ""サービスタイプ:フルサービス"", ""注記:※表示情報は店舗側が保証するものではありません。""]"
佐伯駅前SS / (株)山作,"",〒876-0803 大分県佐伯市駅前2-9-5,0972234925,"[""ジャンル:エネオス(JX)"", ""ブランド:ENEOS"", ""サービスタイプ:フルサービス"", ""注記:※表示情報は店舗側が保証するものではありません。""]"
10号大分戸次SS / (株)西日本宇佐美,"",〒879-7764 大分県大分市上戸次3736,0975976827,"[""ジャンル:出光興産"", ""ブランド:出光興産"", ""営業時間:24時間営業"", ""サービスタイプ:フルサービス"", ""注記:※表示情報は店舗側が保証するものではありません。""]"
"","","","",[]
臼杵洲崎SS / 東九州石油(株),"",〒875-0041 大分県臼杵市臼杵2-75,0972-62-9135,"[""ジャンル:コスモ石油"", ""ブランド:コスモ石油"", ""サービスタイプ:フルサービス"", ""注記:※表示情報は店舗側が保証するものではありません。""]"
安心院SS / (有)辛島商会,"",〒872-0521 大分県宇佐市安心院町下毛2108-3,0978-44-0238,"[""ジャンル:エネオス(JX)"", ""ブランド:ENEOS"", ""サービスタイプ:フルサービス"", ""注記:※表示情報は店舗側が保証するものではありません。""]"
ホワイトロード光吉SS / 大分石油(株),"",〒870-1132 大分県大分市光吉666-1,0975677501,"[""ジャンル:エネオス(JX)"", ""ブランド:ENEOS"", ""営業時間:24時間営業"", ""サービスタイプ:セルフサービス"", ""車検サービス:あり"", ""注記:※表示情報は店舗側が保証するものではありません。""]"
東中津SS / (有)菊浪石油,"",〒871-0003 大分県中津市是則138-1,0979-32-2683,"[""ジャンル:キグナス石油"", ""ブランド:キグナス石油"", ""サービスタイプ:フルサービス"", ""注記:※表示情報は店舗側が保証するものではありません。""]"
セルフ別府SS / 清家石油(株),"",〒874-0923 大分県別府市新港町4-27,0977-21-0861,"[""ジャンル:出光興産"", ""ブランド:出光興産"", ""営業時間:24時間営業"", ""サービスタイプ:セルフサービス"", ""注記:※表示情報は店舗側が保証するものではありません。""]"
院内SS / (有)辛島商会,"",〒872-0302 大分県宇佐市院内町二日市137-1,0978-42-5073,"[""ジャンル:エネオス(JX)"", ""ブランド:ENEOS"", ""サービスタイプ:フルサービス"", ""注記:※表示情報は店舗側が保証するものではありません。""]"
ホワイトロードりょうぜんSS / (株)九州エナジー,"",〒870-1132 大分県大分市光吉1377-1,0975677767,"[""ジャンル:エネオス(JX)"", ""ブランド:ENEOS"", ""サービスタイプ:フルサービス"", ""車検サービス:あり"", ""注記:※表示情報は店舗側が保証するものではありません。""]"
新日鉄前SS / 東九州石油(株),"",〒870-0915 大分県大分市花高松3-10-8,097-558-8408,"[""ジャンル:コスモ石油"", ""ブランド:コスモ石油"", ""サービスタイプ:フルサービス"", ""注記:※表示情報は店舗側が保証するものではありません。""]"
佐野SS / 長野石油,"",〒879-0612 大分県豊後高田市佐野5037-2,0978-22-3189,"[""ジャンル:キグナス石油"", ""ブランド:キグナス石油"", ""サービスタイプ:フルサービス"", ""注記:※表示情報は店舗側が保証するものではありません。""]"
シーサイド別府SS / 清家石油(株),"",〒874-0945 大分県別府市浜町6-1,0977-21-6200,"[""ジャンル:出光興産"", ""ブランド:出光興産"", ""サービスタイプ:フルサービス"", ""注記:※表示情報は店舗側が保証するものではありません。""]"
宇佐SS / 宇佐石油(株),"",〒879-1132 大分県宇佐市岩崎279-3,0978-37-0381,"[""ジャンル:エネオス(JX)"", ""ブランド:ENEOS"", ""サービスタイプ:フルサービス"", ""注記:※表示情報は店舗側が保証するものではありません。""]"
佐伯幹線通SS / 東九州石油(株),"",〒876-0852 大分県佐伯市常盤南町2-6,0972-23-1442,"[""ジャンル:コスモ石油"", ""ブランド:コスモ石油"", ""サービスタイプ:セルフサービス"", ""車検サービス:あり"", ""注記:※表示情報は店舗側が保証するものではありません。""]"
呉崎SS / 大場石油,"",〒879-0608 大分県豊後高田市呉崎1614,0978-22-2458,"[""ジャンル:キグナス石油"", ""ブランド:キグナス石油"", ""サービスタイプ:フルサービス"", ""注記:※表示情報は店舗側が保証するものではありません。""]"
セルフ敷戸SS / (株)九州エナジー,"",〒870-1121 大分県大分市鴛野1030-3,0975683111,"[""ジャンル:エネオス(JX)"", ""ブランド:ENEOS"", ""営業時間:24時間営業"", ""サービスタイプ:セルフサービス"", ""車検サービス:あり"", ""注記:※表示情報は店舗側が保証するものではありません。""]"
別府中央SS / 清家石油(株),"",〒874-0933 大分県別府市野口元町12-29,0977-22-2200,"[""ジャンル:出光興産"", ""ブランド:出光興産"", ""サービスタイプ:フルサービス"", ""注記:※表示情報は店舗側が保証するものではありません。""]"
上浦SS / (有)河村石油店,"",〒879-2602 大分県佐伯市上浦大字津井浦2157,0972-32-2016,"[""ジャンル:コスモ石油"", ""ブランド:コスモ石油"", ""サービスタイプ:フルサービス"", ""注記:※表示情報は店舗側が保証するものではありません。""]"
上岡SS / 三栄石油商事(株),"",〒876-0045 大分県佐伯市上岡1482-1,0972-22-4511,"[""ジャンル:モービル石油(エクソン)"", ""ブランド:モービル石油"", ""サービスタイプ:フルサービス"", ""注記:※表示情報は店舗側が保証するものではありません。""]"
高家SS / (有)矢野石油,"",〒879-0308 大分県宇佐市下高家285,0978-34-0123,"[""ジャンル:エネオス(JX)"", ""ブランド:ENEOS"", ""サービスタイプ:フルサービス"", ""注記:※表示情報は店舗側が保証するものではありません。""]"
セルフステーション高城SS / (有)別府九石販売,"",〒870-0155 大分県大分市高城南町8-16,097-573-0020,"[""ジャンル:エネオス(JX)"", ""ブランド:ENEOS"", ""営業時間:24時間営業"", ""サービスタイプ:セルフサービス"", ""車検サービス:あり"", ""注記:※表示情報は店舗側が保証するものではありません。""]"
境川SS / (資)三栄商会,"",〒874-0926 大分県別府市京町9-16,0977-23-3763,"[""ジャンル:出光興産"", ""ブランド:出光興産"", ""サービスタイプ:フルサービス"", ""注記:※表示情報は店舗側が保証するものではありません。""]"
弥生井崎SS / (有)矢野石油店,"",〒876-0111 大分県佐伯市弥生大字井崎1539,0972-46-0625,"[""ジャンル:コスモ石油"", ""ブランド:コスモ石油"", ""サービスタイプ:フルサービス"", ""注記:※表示情報は店舗側が保証するものではありません。""]"
土橋SS / 富士甚商事(株),"",〒875-0053 大分県臼杵市福良188-4,0972-62-3051,"[""ジャンル:モービル石油(エクソン)"", ""ブランド:モービル石油"", ""サービスタイプ:フルサービス"", ""注記:※表示情報は店舗側が保証するものではありません。""]"
"","","","",[]
神崎セルフSS / (有)挟間石油,"",〒879-2111 大分県大分市本神崎79-6,097-576-0112,"[""ジャンル:エネオス(JX)"", ""ブランド:ENEOS"", ""サービスタイプ:セルフサービス"", ""現金価格:\r\n\t\t\t\t\tレギュラー¥165   \r\n\t\t\t\t\tハイオク¥-   \r\n\t\t\t\t\t軽油¥-   \r\n\t\t\t\t\t灯油¥-\r\n\t\t\t\t"", ""会員価格:\r\n\t\t\t\t\tレギュラー¥-   \r\n\t\t\t\t\tハイオク¥-   \r\n\t\t\t\t\t軽油¥-   \r\n\t\t\t\t"", ""注記:※表示情報は店舗側が保証するものではありません。""]"
長洲SS / (有)是永石油,"",〒872-0001 大分県宇佐市長洲883-2,0978-38-0112,"[""ジャンル:エネオス(JX)"", ""ブランド:ENEOS"", ""サービスタイプ:フルサービス"", ""注記:※表示情報は店舗側が保証するものではありません。""]"
南石垣SS / (有)荒金石油店,"",〒874-0919 大分県別府市石垣東3-4-4,0977-23-7663,"[""ジャンル:出光興産"", ""ブランド:出光興産"", ""サービスタイプ:フルサービス"", ""注記:※表示情報は店舗側が保証するものではありません。""]"
のつはるSS / JAおおいた,"",〒870-1203 大分県大分市野津原114-1,097-588-0343,"[""ジャンル:エネオス(JX)"", ""ブランド:ENEOS"", ""サービスタイプ:フルサービス"", ""注記:※表示情報は店舗側が保証するものではありません。""]"
熊崎SS / 藤沢石油店,"",〒875-0082 大分県臼杵市稲田745-1,0972-62-5477,"[""ジャンル:コスモ石油"", ""ブランド:コスモ石油"", ""サービスタイプ:フルサービス"", ""注記:※表示情報は店舗側が保証するものではありません。""]"
日田南SS / 日田石油販売(株),"",〒877-0077 大分県日田市友田113-3,0973-22-2023,"[""ジャンル:モービル石油(エクソン)"", ""ブランド:モービル石油"", ""サービスタイプ:フルサービス"", ""注記:※表示情報は店舗側が保証するものではありません。""]"
今市SS / JAさわやか,"",〒870-1223 大分県大分市今市1094-1,097-589-2501,"[""ジャンル:エネオス(JX)"", ""ブランド:ENEOS"", ""サービスタイプ:フルサービス"", ""注記:※表示情報は店舗側が保証するものではありません。""]"
柳ヶ浦駅前SS / (有)アリナガ石油,"",〒872-0031 大分県宇佐市沖須町1-8-2,0978-38-0436,"[""ジャンル:エネオス(JX)"", ""ブランド:ENEOS"", ""サービスタイプ:フルサービス"", ""注記:※表示情報は店舗側が保証するものではありません。""]"
大野町田中SS / (有)甲斐石油店,"",〒879-6441 大分県豊後大野市大野町田中2390-1,0974342330,"[""ジャンル:コスモ石油"", ""ブランド:コスモ石油"", ""サービスタイプ:フルサービス"", ""注記:※表示情報は店舗側が保証するものではありません。""]"
セルフ日出SS / 清家石油(株),"",〒879-1506 大分県速見郡日出町2299-1,0977-28-0300,"[""ジャンル:出光興産"", ""ブランド:出光興産"", ""サービスタイプ:セルフサービス"", ""注記:※表示情報は店舗側が保証するものではありません。""]"
日田SS / 日田石油販売(株),"",〒877-0041 大分県日田市竹田新町1-1,0973-22-6255,"[""ジャンル:モービル石油(エクソン)"", ""ブランド:モービル石油"", ""サービスタイプ:フルサービス"", ""注記:※表示情報は店舗側が保証するものではありません。""]"
シーサイド大在SS / 鶴崎海陸運輸(株),"",〒870-0266 大分県大分市大在2,0975-93-4448,"[""ジャンル:エネオス(JX)"", ""ブランド:ENEOS"", ""サービスタイプ:フルサービス"", ""注記:※表示情報は店舗側が保証するものではありません。""]"
守江SS / (有)木村石油店,"",〒873-0033 大分県杵築市守江3152,0978-62-2701,"[""ジャンル:コスモ石油"", ""ブランド:コスモ石油"", ""サービスタイプ:フルサービス"", ""注記:※表示情報は店舗側が保証するものではありません。""]"
"","","","",[]
アストピアSS / 吉伴(株),"",〒875-0051 大分県臼杵市戸室1008-1,0972-62-3700,"[""ジャンル:エネオス(JX)"", ""ブランド:ENEOS"", ""サービスタイプ:フルサービス"", ""車検サービス:あり"", ""注記:※表示情報は店舗側が保証するものではありません。""]"
セルフ鉄輪SS / 清家石油(株),"",〒874-0845 大分県別府市北中130-3,0977662100,"[""ジャンル:出光興産"", ""ブランド:出光興産"", ""営業時間:24時間営業"", ""サービスタイプ:セルフサービス"", ""車検サービス:あり"", ""注記:※表示情報は店舗側が保証するものではありません。""]"
南野津SS / (有)ふじた石油,"",〒875-0224 大分県臼杵市野津町大字西畑672-1,0974322390,"[""ジャンル:エネオス(JX)"", ""ブランド:ENEOS"", ""サービスタイプ:フルサービス"", ""注記:※表示情報は店舗側が保証するものではありません。""]"
日田北SS / 日田石油販売(株),"",〒877-0082 大分県日田市渡里30-1,0973-24-3977,"[""ジャンル:モービル石油(エクソン)"", ""ブランド:モービル石油"", ""サービスタイプ:フルサービス"", ""注記:※表示情報は店舗側が保証するものではありません。""]"
【大分道】別府湾SA上下線SS / 西日本高速道路ロジスティックス(株),"",〒874-0011 大分県別府市内竈3677,0977-67-3441,"[""ジャンル:SA/PA/ハイウェイオアシス"", ""ブランド:ENEOS"", ""営業時間:24時間営業"", ""サービスタイプ:フルサービス"", ""現金価格:\r\n\t\t\t\t\tレギュラー¥170   \r\n\t\t\t\t\tハイオク¥181   \r\n\t\t\t\t\t軽油¥147   \r\n\t\t\t\t\t灯油¥-\r\n\t\t\t\t"", ""会員価格:\r\n\t\t\t\t\tレギュラー¥-   \r\n\t\t\t\t\tハイオク¥-   \r\n\t\t\t\t\t軽油¥-   \r\n\t\t\t\t"", ""注記:※表示情報は店舗側が保証するものではありません。""]"
亀川SS / 清家石油(株),"",〒874-0022 大分県別府市亀川東町3-26,0977-66-2200,"[""ジャンル:出光興産"", ""ブランド:出光興産"", ""サービスタイプ:フルサービス"", ""注記:※表示情報は店舗側が保証するものではありません。""]"
野津東SS / (有)ふじた石油,"",〒875-0201 大分県臼杵市野津町大字野津市2229,0974322896,"[""ジャンル:エネオス(JX)"", ""ブランド:ENEOS"", ""サービスタイプ:フルサービス"", ""注記:※表示情報は店舗側が保証するものではありません。""]"
宗方SS / (有)大分スワロー石油,"",〒870-1152 大分県大分市上宗方513-5,097-541-0601,"[""ジャンル:コスモ石油"", ""ブランド:コスモ石油"", ""サービスタイプ:フルサービス"", ""注記:※表示情報は店舗側が保証するものではありません。""]"
セルフみずほSS / (有)別府九石販売,"",〒874-0901 大分県別府市中島町15-19,0977-21-0700,"[""ジャンル:エネオス(JX)"", ""ブランド:ENEOS"", ""サービスタイプ:セルフサービス"", ""注記:※表示情報は店舗側が保証するものではありません。""]"
大肥SS / 石井石油店,"",〒877-1106 大分県日田市大肥1451-1,0973-28-2336,"[""ジャンル:モービル石油(エクソン)"", ""ブランド:モービル石油"", ""サービスタイプ:フルサービス"", ""注記:※表示情報は店舗側が保証するものではありません。""]"
佐志生SS / 上野石油,"",〒875-0001 大分県臼杵市佐志生6355-1,0972-68-3232,"[""ジャンル:コスモ石油"", ""ブランド:コスモ石油"", ""サービスタイプ:フルサービス"", ""注記:※表示情報は店舗側が保証するものではありません。""]"
豊後高田SS / 安部石油(株),"",〒879-0628 大分県豊後高田市新町2718-1,0978-22-2817,"[""ジャンル:出光興産"", ""ブランド:出光興産"", ""サービスタイプ:フルサービス"", ""注記:※表示情報は店舗側が保証するものではありません。""]"
Dr.Drive オアシス前店 / 吉伴(株),"",〒870-0036 大分県大分市寿町1-2,097-532-3587,"[""ジャンル:エネオス(JX)"", ""ブランド:ENEOS"", ""サービスタイプ:フルサービス"", ""車検サービス:あり"", ""注記:※表示情報は店舗側が保証するものではありません。""]"
大山SS / 矢幡石油店,"",〒877-0201 大分県日田市大山町西大山6014-1,0973-52-2123,"[""ジャンル:モービル石油(エクソン)"", ""ブランド:モービル石油"", ""サービスタイプ:フルサービス"", ""注記:※表示情報は店舗側が保証するものではありません。""]"
鶴見SS / 清家商会,"",〒876-1203 大分県佐伯市鶴見大字沖松浦531-1,0972-33-0176,"[""ジャンル:コスモ石油"", ""ブランド:コスモ石油"", ""サービスタイプ:フルサービス"", ""注記:※表示情報は店舗側が保証するものではありません。""]"
別府インターSS / (有)かぼす石油,"",〒874-0842 大分県別府市小倉1729,0977-24-6660,"[""ジャンル:エネオス(JX)"", ""ブランド:ENEOS"", ""サービスタイプ:セルフサービス"", ""注記:※表示情報は店舗側が保証するものではありません。""]"
都甲SS / (有)花水石油,"",〒879-0734 大分県豊後高田市築地866,09782-7-3070,"[""ジャンル:出光興産"", ""ブランド:出光興産"", ""サービスタイプ:フルサービス"", ""注記:※表示情報は店舗側が保証するものではありません。""]"
津江SS / 矢野石油店,"",〒877-0301 大分県日田市中津江村栃野5231-7,0973-54-3635,"[""ジャンル:モービル石油(エクソン)"", ""ブランド:モービル石油"", ""サービスタイプ:フルサービス"", ""注記:※表示情報は店舗側が保証するものではありません。""]"
畑ノ浦SS / 塩月石油店,"",〒876-2201 大分県佐伯市蒲江大字畑野浦641,0972-45-0100,"[""ジャンル:コスモ石油"", ""ブランド:コスモ石油"", ""サービスタイプ:フルサービス"", ""注記:※表示情報は店舗側が保証するものではありません。""]"
Dr.Drive 新川店 / 吉伴(株),"",〒870-0032 大分県大分市住吉町1-1-11,097-532-3860,"[""ジャンル:エネオス(JX)"", ""ブランド:ENEOS"", ""サービスタイプ:フルサービス"", ""車検サービス:あり"", ""注記:※表示情報は店舗側が保証するものではありません。""]"
八幡SS / (有)山口石油店,"",〒879-0308 大分県宇佐市下高家1999-1,0978-32-7446,"[""ジャンル:出光興産"", ""ブランド:出光興産"", ""サービスタイプ:フルサービス"", ""注記:※表示情報は店舗側が保証するものではありません。""]"
吹浦SS / 川井石油店,"",〒876-1201 大分県佐伯市鶴見大字吹浦1491-2,0972-33-0612,"[""ジャンル:コスモ石油"", ""ブランド:コスモ石油"", ""サービスタイプ:フルサービス"", ""注記:※表示情報は店舗側が保証するものではありません。""]"
セルフ大分中央SS / 城陽石油(株),"",〒870-0028 大分県大分市新町3-30,097-540-6744,"[""ジャンル:モービル石油(エクソン)"", ""ブランド:モービル石油"", ""営業時間:24時間営業"", ""サービスタイプ:セルフサービス"", ""注記:※表示情報は店舗側が保証するものではありません。""]"
石垣SS / 望月石油店,"",〒874-0914 大分県別府市中須賀元町5,0977-66-2475,"[""ジャンル:エネオス(JX)"", ""ブランド:ENEOS"", ""サービスタイプ:フルサービス"", ""注記:※表示情報は店舗側が保証するものではありません。""]"
坂ノ市SS / (有)小野石油,"",〒870-0307 大分県大分市坂ノ市中央3-7-11,097-592-1478,"[""ジャンル:エネオス(JX)"", ""ブランド:ENEOS"", ""サービスタイプ:フルサービス"", ""注記:※表示情報は店舗側が保証するものではありません。""]"
10号宇佐SS / (株)西日本宇佐美,"",〒879-0237 大分県宇佐市佐野1098-3,0978335622,"[""ジャンル:出光興産"", ""ブランド:出光興産"", ""サービスタイプ:フルサービス"", ""現金価格:\r\n\t\t\t\t\tレギュラー¥-   \r\n\t\t\t\t\tハイオク¥-   \r\n\t\t\t\t\t軽油¥-   \r\n\t\t\t\t\t灯油¥-\r\n\t\t\t\t"", ""会員価格:\r\n\t\t\t\t\tレギュラー¥163   \r\n\t\t\t\t\tハイオク¥-   \r\n\t\t\t\t\t軽油¥-   \r\n\t\t\t\t"", ""注記:※表示情報は店舗側が保証するものではありません。""]"
松本SS / (有)吉野石油店,"",〒878-0021 大分県竹田市穴井迫652-2,0974633436,"[""ジャンル:コスモ石油"", ""ブランド:コスモ石油"", ""サービスタイプ:フルサービス"", ""注記:※表示情報は店舗側が保証するものではありません。""]"
戸次SS / 平岡石油(有),"",〒879-7761 大分県大分市中戸次4593-4,0975970037,"[""ジャンル:モービル石油(エクソン)"", ""ブランド:モービル石油"", ""サービスタイプ:フルサービス"", ""注記:※表示情報は店舗側が保証するものではありません。""]"
大在SS / (有)神火石油,"",〒870-0271 大分県大分市角子原880-1,097-522-2310,"[""ジャンル:エネオス(JX)"", ""ブランド:ENEOS"", ""サービスタイプ:フルサービス"", ""注記:※表示情報は店舗側が保証するものではありません。""]"
カートピアキクチSS / (株)カートピアキクチ,"",〒871-0014 大分県中津市一ツ松383-1,0979245435,"[""ジャンル:エネオス(JX)"", ""ブランド:ENEOS"", ""サービスタイプ:フルサービス"", ""注記:※表示情報は店舗側が保証するものではありません。""]"
"","","","",[]
山田SS / (有)OTショップコスモ,"",〒876-0125 大分県佐伯市弥生大字江良1862-1,0972-46-0221,"[""ジャンル:コスモ石油"", ""ブランド:コスモ石油"", ""サービスタイプ:フルサービス"", ""注記:※表示情報は店舗側が保証するものではありません。""]"
宇佐SS / (株)三栄商会,"",〒879-1135 大分県宇佐市和気1006,0978370022,"[""ジャンル:出光興産"", ""ブランド:出光興産"", ""サービスタイプ:セルフサービス"", ""現金価格:\r\n\t\t\t\t\tレギュラー¥-   \r\n\t\t\t\t\tハイオク¥-   \r\n\t\t\t\t\t軽油¥-   \r\n\t\t\t\t\t灯油¥-\r\n\t\t\t\t"", ""会員価格:\r\n\t\t\t\t\tレギュラー¥165   \r\n\t\t\t\t\tハイオク¥-   \r\n\t\t\t\t\t軽油¥-   \r\n\t\t\t\t"", ""注記:※表示情報は店舗側が保証するものではありません。""]"
観海寺SS / 山口産業(株),"",〒874-0839 大分県別府市南立石一区2042-1,0977-22-3177,"[""ジャンル:モービル石油(エクソン)"", ""ブランド:モービル石油"", ""サービスタイプ:フルサービス"", ""注記:※表示情報は店舗側が保証するものではありません。""]"
中判田SS / (有)森山商事,"",〒870-1113 大分県大分市中判田1520-1,097-597-0250,"[""ジャンル:エネオス(JX)"", ""ブランド:ENEOS"", ""サービスタイプ:フルサービス"", ""注記:※表示情報は店舗側が保証するものではありません。""]"
千怒SS / (有)小松石油,"",〒879-2401 大分県津久見市千怒5037-2,0972-82-0112,"[""ジャンル:コスモ石油"", ""ブランド:コスモ石油"", ""サービスタイプ:フルサービス"", ""注記:※表示情報は店舗側が保証するものではありません。""]"
長洲SS / (有)中野石油店,"",〒872-0001 大分県宇佐市長洲909-1,0978-38-0393,"[""ジャンル:出光興産"", ""ブランド:出光興産"", ""サービスタイプ:セルフサービス"", ""注記:※表示情報は店舗側が保証するものではありません。""]"
三光SS / (有)古元石油店,"",〒871-0111 大分県中津市三光佐知1612,0979-43-2173,"[""ジャンル:エネオス(JX)"", ""ブランド:ENEOS"", ""サービスタイプ:フルサービス"", ""現金価格:\r\n\t\t\t\t\tレギュラー¥167   \r\n\t\t\t\t\tハイオク¥-   \r\n\t\t\t\t\t軽油¥-   \r\n\t\t\t\t\t灯油¥-\r\n\t\t\t\t"", ""会員価格:\r\n\t\t\t\t\tレギュラー¥-   \r\n\t\t\t\t\tハイオク¥-   \r\n\t\t\t\t\t軽油¥-   \r\n\t\t\t\t"", ""注記:※表示情報は店舗側が保証するものではありません。""]"
清川SS / 清川石油(有),"",〒879-6903 大分県豊後大野市清川町砂田1558-1,0974353560,"[""ジャンル:コスモ石油"", ""ブランド:コスモ石油"", ""サービスタイプ:フルサービス"", ""注記:※表示情報は店舗側が保証するものではありません。""]"
武蔵SS / (有)丸萬石油,"",〒873-0421 大分県国東市武蔵町糸原478-1,0978-68-1145,"[""ジャンル:モービル石油(エクソン)"", ""ブランド:モービル石油"", ""サービスタイプ:フルサービス"", ""注記:※表示情報は店舗側が保証するものではありません。""]"
杵築北浜SS / 杵築石油(資),"",〒873-0001 大分県杵築市杵築757-10,0978-63-4373,"[""ジャンル:出光興産"", ""ブランド:出光興産"", ""サービスタイプ:フルサービス"", ""注記:※表示情報は店舗側が保証するものではありません。""]"
南大分SS / (有)脇石油店,"",〒870-0883 大分県大分市永興189-1,097-544-1841,"[""ジャンル:エネオス(JX)"", ""ブランド:ENEOS"", ""サービスタイプ:フルサービス"", ""注記:※表示情報は店舗側が保証するものではありません。""]"
セルフ本耶馬渓SS / (有)久保石油店,"",〒871-0311 大分県中津市本耶馬溪町曽木1859-1,0979-52-2728,"[""ジャンル:エネオス(JX)"", ""ブランド:ENEOS"", ""サービスタイプ:セルフサービス"", ""現金価格:\r\n\t\t\t\t\tレギュラー¥-   \r\n\t\t\t\t\tハイオク¥-   \r\n\t\t\t\t\t軽油¥-   \r\n\t\t\t\t\t灯油¥-\r\n\t\t\t\t"", ""会員価格:\r\n\t\t\t\t\tレギュラー¥165   \r\n\t\t\t\t\tハイオク¥-   \r\n\t\t\t\t\t軽油¥-   \r\n\t\t\t\t"", ""注記:※表示情報は店舗側が保証するものではありません。""]"
田吹SS / (有)田吹石油,"",〒873-0522 大分県国東市国東町岩屋401,0978-72-0517,"[""ジャンル:モービル石油(エクソン)"", ""ブランド:モービル石油"", ""サービスタイプ:フルサービス"", ""注記:※表示情報は店舗側が保証するものではありません。""]"
弥生SS / 出口石油店,"",〒876-0122 大分県佐伯市弥生大字門田765,0972-46-2153,"[""ジャンル:コスモ石油"", ""ブランド:コスモ石油"", ""サービスタイプ:フルサービス"", ""注記:※表示情報は店舗側が保証するものではありません。""]"
守江SS / 杵築石油(資),"",〒873-0033 大分県杵築市守江1291-11,09786-3-8833,"[""ジャンル:出光興産"", ""ブランド:出光興産"", ""サービスタイプ:フルサービス"", ""注記:※表示情報は店舗側が保証するものではありません。""]"
弁天SS / 吉伴(株),"",〒870-0017 大分県大分市弁天2-6-14,097-536-6313,"[""ジャンル:エネオス(JX)"", ""ブランド:ENEOS"", ""サービスタイプ:フルサービス"", ""注記:※表示情報は店舗側が保証するものではありません。""]"
女島SS / 東九州石油(株),"",〒876-0823 大分県佐伯市女島2,0972-24-1508,"[""ジャンル:コスモ石油"", ""ブランド:コスモ石油"", ""サービスタイプ:フルサービス"", ""注記:※表示情報は店舗側が保証するものではありません。""]"
石井SS / 日田九石販売(有),"",〒877-0061 大分県日田市石井1178-6,0973226061,"[""ジャンル:エネオス(JX)"", ""ブランド:ENEOS"", ""サービスタイプ:フルサービス"", ""注記:※表示情報は店舗側が保証するものではありません。""]"
国見SS / 深弘産業(株),"",〒872-1403 大分県国東市国見町野田3154-1,0978-82-0124,"[""ジャンル:出光興産"", ""ブランド:出光興産"", ""サービスタイプ:フルサービス"", ""注記:※表示情報は店舗側が保証するものではありません。""]"
国見SS / 国見石油(有),"",〒872-1401 大分県国東市国見町伊美2314-5,0978820063,"[""ジャンル:モービル石油(エクソン)"", ""ブランド:モービル石油"", ""サービスタイプ:フルサービス"", ""注記:※表示情報は店舗側が保証するものではありません。""]"
吉野SS / 佐藤石油店,"",〒879-7871 大分県大分市辻597-1,097-595-0471,"[""ジャンル:コスモ石油"", ""ブランド:コスモ石油"", ""サービスタイプ:フルサービス"", ""注記:※表示情報は店舗側が保証するものではありません。""]"
田原SS / 田原商会,"",〒879-0901 大分県杵築市大田石丸1459-1,0978-52-2070,"[""ジャンル:エネオス(JX)"", ""ブランド:ENEOS"", ""サービスタイプ:フルサービス"", ""注記:※表示情報は店舗側が保証するものではありません。""]"
院内SS / (有)奥石油,"",〒872-0333 大分県宇佐市院内町原口408-8,0978-82-5020,"[""ジャンル:モービル石油(エクソン)"", ""ブランド:モービル石油"", ""サービスタイプ:フルサービス"", ""注記:※表示情報は店舗側が保証するものではありません。""]"
日田インターSS / (株)九三石油販売,"",〒877-0081 大分県日田市渡里1135-1,0973227100,"[""ジャンル:エネオス(JX)"", ""ブランド:ENEOS"", ""サービスタイプ:フルサービス"", ""注記:※表示情報は店舗側が保証するものではありません。""]"
本匠SS / (有)三原石油,"",〒876-0202 大分県佐伯市本匠大字笠掛1624-1,0972-56-5010,"[""ジャンル:コスモ石油"", ""ブランド:コスモ石油"", ""サービスタイプ:フルサービス"", ""注記:※表示情報は店舗側が保証するものではありません。""]"
八坂SS / 中山石油店,"",〒873-0015 大分県杵築市八坂熊丸2514-1,0978-62-2534,"[""ジャンル:エネオス(JX)"", ""ブランド:ENEOS"", ""サービスタイプ:フルサービス"", ""注記:※表示情報は店舗側が保証するものではありません。""]"
セルフ日田SS / 大九石油(有),"",〒877-0082 大分県日田市渡里16-4,0973232293,"[""ジャンル:エネオス(JX)"", ""ブランド:ENEOS"", ""サービスタイプ:セルフサービス"", ""注記:※表示情報は店舗側が保証するものではありません。""]"
大在SS / 東九州石油(株),"",〒870-0267 大分県大分市城原2674-2,097-592-4001,"[""ジャンル:コスモ石油"", ""ブランド:コスモ石油"", ""サービスタイプ:フルサービス"", ""現金価格:\r\n\t\t\t\t\tレギュラー¥-   \r\n\t\t\t\t\tハイオク¥-   \r\n\t\t\t\t\t軽油¥-   \r\n\t\t\t\t\t灯油¥-\r\n\t\t\t\t"", ""会員価格:\r\n\t\t\t\t\tレギュラー¥-   \r\n\t\t\t\t\tハイオク¥181   \r\n\t\t\t\t\t軽油¥-   \r\n\t\t\t\t"", ""注記:※表示情報は店舗側が保証するものではありません。""]"
Express わさだSS / 相光石油(株),"",〒870-1155 大分県大分市玉沢57-1,097-588-8577,"[""ジャンル:モービル石油(エクソン)"", ""ブランド:モービル石油"", ""営業時間:24時間営業"", ""サービスタイプ:セルフサービス"", ""現金価格:\r\n\t\t\t\t\tレギュラー¥-   \r\n\t\t\t\t\tハイオク¥-   \r\n\t\t\t\t\t軽油¥-   \r\n\t\t\t\t\t灯油¥-\r\n\t\t\t\t"", ""会員価格:\r\n\t\t\t\t\tレギュラー¥165   \r\n\t\t\t\t\tハイオク¥-   \r\n\t\t\t\t\t軽油¥-   \r\n\t\t\t\t"", ""注記:※表示情報は店舗側が保証するものではありません。""]"
玖珠国道SS / (資)神田石油本店,"",〒879-4413 大分県玖珠郡玖珠町塚脇445,0973-72-2053,"[""ジャンル:エネオス(JX)"", ""ブランド:ENEOS"", ""サービスタイプ:フルサービス"", ""現金価格:\r\n\t\t\t\t\tレギュラー¥167   \r\n\t\t\t\t\tハイオク¥178   \r\n\t\t\t\t\t軽油¥142   \r\n\t\t\t\t\t灯油¥-\r\n\t\t\t\t"", ""会員価格:\r\n\t\t\t\t\tレギュラー¥165   \r\n\t\t\t\t\tハイオク¥176   \r\n\t\t\t\t\t軽油¥140   \r\n\t\t\t\t"", ""注記:※表示情報は店舗側が保証するものではありません。""]"
"","","","",[]
セルフ三和SS / (株)三笘石油,"",〒877-1231 大分県日田市三和2639-1,0973-24-3633,"[""ジャンル:エネオス(JX)"", ""ブランド:ENEOS"", ""サービスタイプ:セルフサービス"", ""注記:※表示情報は店舗側が保証するものではありません。""]"
竹田天神SS / 東九州石油(株),"",〒878-0013 大分県竹田市竹田1526,0974632047,"[""ジャンル:コスモ石油"", ""ブランド:コスモ石油"", ""サービスタイプ:フルサービス"", ""注記:※表示情報は店舗側が保証するものではありません。""]"
北山田SS / 樋口石油店,"",〒879-4331 大分県玖珠郡玖珠町戸畑6227,0973-73-7270,"[""ジャンル:エネオス(JX)"", ""ブランド:ENEOS"", ""サービスタイプ:フルサービス"", ""注記:※表示情報は店舗側が保証するものではありません。""]"
セルフ富士見SS / (株)イデックスリテール大分,"",〒870-1173 大分県大分市横瀬382,0975411318,"[""ジャンル:昭和シェル"", ""ブランド:昭和シェル石油"", ""サービスタイプ:セルフサービス"", ""車検サービス:あり"", ""注記:※表示情報は店舗側が保証するものではありません。""]"
中川SS / 石田産業(株),"",〒879-4122 大分県日田市天瀬町合田2184,0973-57-3063,"[""ジャンル:エネオス(JX)"", ""ブランド:ENEOS"", ""サービスタイプ:フルサービス"", ""注記:※表示情報は店舗側が保証するものではありません。""]"
オイルパークうちやまSS / 清川石油(有),"",〒879-7124 大分県豊後大野市三重町内山99-1,0974227830,"[""ジャンル:コスモ石油"", ""ブランド:コスモ石油"", ""サービスタイプ:フルサービス"", ""注記:※表示情報は店舗側が保証するものではありません。""]"
筋湯SS / 武石石油店,"",〒879-4912 大分県玖珠郡九重町湯坪724-1,0973792806,"[""ジャンル:エネオス(JX)"", ""ブランド:ENEOS"", ""サービスタイプ:フルサービス"", ""注記:※表示情報は店舗側が保証するものではありません。""]"
木立SS / 天野水産(株),"",〒876-2121 大分県佐伯市木立5171-1,0972-28-3525,"[""ジャンル:コスモ石油"", ""ブランド:コスモ石油"", ""サービスタイプ:フルサービス"", ""注記:※表示情報は店舗側が保証するものではありません。""]"
九重長者原SS / 飯田高原観光(株),"",〒879-4911 大分県玖珠郡九重町田野260-10,0973792634,"[""ジャンル:エネオス(JX)"", ""ブランド:ENEOS"", ""サービスタイプ:フルサービス"", ""注記:※表示情報は店舗側が保証するものではありません。""]"
船頭町SS / (株)スガ石油,"",〒876-0844 大分県佐伯市向島2-18-15,0972221612,"[""ジャンル:エネオス(JX)"", ""ブランド:ENEOS"", ""サービスタイプ:フルサービス"", ""注記:※表示情報は店舗側が保証するものではありません。""]"
大分工業団地SS / 大分石油(株),"",〒870-0951 大分県大分市下郡3153-12,097-569-4761,"[""ジャンル:昭和シェル"", ""ブランド:昭和シェル石油"", ""サービスタイプ:フルサービス"", ""車検サービス:あり"", ""注記:※表示情報は店舗側が保証するものではありません。""]"
堅田SS / 染矢石油店,"",〒876-1512 大分県佐伯市堅田1469,0972-22-2779,"[""ジャンル:エネオス(JX)"", ""ブランド:ENEOS"", ""サービスタイプ:フルサービス"", ""注記:※表示情報は店舗側が保証するものではありません。""]"
城東SS / (有)寿石油,"",〒876-0846 大分県佐伯市城東町1-34,0972-22-2552,"[""ジャンル:コスモ石油"", ""ブランド:コスモ石油"", ""サービスタイプ:フルサービス"", ""車検サービス:あり"", ""注記:※表示情報は店舗側が保証するものではありません。""]"
下郡SS / ウチダ興業(有),"",〒870-0951 大分県大分市下郡3708-42,0975687109,"[""ジャンル:昭和シェル"", ""ブランド:昭和シェル石油"", ""サービスタイプ:フルサービス"", ""車検サービス:あり"", ""注記:※表示情報は店舗側が保証するものではありません。""]"
木立SS / (有)エトウ石油,"",〒876-2121 大分県佐伯市木立1874-1,0972-28-3111,"[""ジャンル:エネオス(JX)"", ""ブランド:ENEOS"", ""サービスタイプ:フルサービス"", ""車検サービス:あり"", ""注記:※表示情報は店舗側が保証するものではありません。""]"
恵良SS / 小幡石油店,"",〒879-4631 大分県玖珠郡九重町大字恵良588-1,0973-76-2428,"[""ジャンル:エネオス(JX)"", ""ブランド:ENEOS"", ""サービスタイプ:フルサービス"", ""注記:※表示情報は店舗側が保証するものではありません。""]"
米水津SS / (有)エトウ石油,"",〒876-1402 大分県佐伯市米水津大字色利浦1278-1,0972-36-7801,"[""ジャンル:エネオス(JX)"", ""ブランド:ENEOS"", ""サービスタイプ:フルサービス"", ""注記:※表示情報は店舗側が保証するものではありません。""]"
皆春SS / 大分石油(株),"",〒870-0131 大分県大分市皆春302-1,097-522-0333,"[""ジャンル:昭和シェル"", ""ブランド:昭和シェル石油"", ""サービスタイプ:セルフサービス"", ""注記:※表示情報は店舗側が保証するものではありません。""]"
大分インターSS / 東九州石油(株),"",〒870-0030 大分県大分市三芳1773,097-543-1459,"[""ジャンル:コスモ石油"", ""ブランド:コスモ石油"", ""サービスタイプ:フルサービス"", ""注記:※表示情報は店舗側が保証するものではありません。""]"
飯田高原SS / (株)アーク,"",〒879-4911 大分県玖珠郡九重町田野1246-3,0973792526,"[""ジャンル:エネオス(JX)"", ""ブランド:ENEOS"", ""サービスタイプ:フルサービス"", ""注記:※表示情報は店舗側が保証するものではありません。""]"
蒲江浦SS / (有)米良石油,"",〒876-2401 大分県佐伯市蒲江大字蒲江浦3530-1,0972-42-0329,"[""ジャンル:エネオス(JX)"", ""ブランド:ENEOS"", ""サービスタイプ:フルサービス"", ""注記:※表示情報は店舗側が保証するものではありません。""]"
北方SS / 東九州石油(株),"",〒879-5518 大分県由布市挾間町北方41-2,097-586-3966,"[""ジャンル:コスモ石油"", ""ブランド:コスモ石油"", ""サービスタイプ:フルサービス"", ""注記:※表示情報は店舗側が保証するものではありません。""]"
坂の市SS / 新光石油(株),"",〒870-0304 大分県大分市久原881-1,097-593-0141,"[""ジャンル:昭和シェル"", ""ブランド:昭和シェル石油"", ""サービスタイプ:フルサービス"", ""注記:※表示情報は店舗側が保証するものではありません。""]"
宝泉寺SS / (有)竹尾石油店,"",〒879-4724 大分県玖珠郡九重町菅原1855-1,0973788901,"[""ジャンル:エネオス(JX)"", ""ブランド:ENEOS"", ""サービスタイプ:フルサービス"", ""注記:※表示情報は店舗側が保証するものではありません。""]"
"","","","",[]
丸市尾SS / (有)宮本モーター,"",〒876-2405 大分県佐伯市蒲江大字丸市尾浦1424-55,0972-44-0029,"[""ジャンル:エネオス(JX)"", ""ブランド:ENEOS"", ""サービスタイプ:フルサービス"", ""注記:※表示情報は店舗側が保証するものではありません。""]"
久住中央SS / JAおおいた,"",〒878-0151 大分県竹田市久住町大字久住5659-1,0974761146,"[""ジャンル:コスモ石油"", ""ブランド:コスモ石油"", ""サービスタイプ:フルサービス"", ""注記:※表示情報は店舗側が保証するものではありません。""]"
金谷SS / (有)金谷物産,"",〒870-0276 大分県大分市宮河内4159-1,097-529-2501,"[""ジャンル:昭和シェル"", ""ブランド:昭和シェル石油"", ""サービスタイプ:フルサービス"", ""注記:※表示情報は店舗側が保証するものではありません。""]"
"","","","",[]
豊後中村SS / (資)日野商店,"",〒879-4801 大分県玖珠郡九重町右田720-5,0973-77-6821,"[""ジャンル:エネオス(JX)"", ""ブランド:ENEOS"", ""サービスタイプ:フルサービス"", ""注記:※表示情報は店舗側が保証するものではありません。""]"
森崎SS / (有)宮本モーター,"",〒876-2404 大分県佐伯市蒲江大字森崎浦145-88,0972-44-0100,"[""ジャンル:エネオス(JX)"", ""ブランド:ENEOS"", ""サービスタイプ:フルサービス"", ""注記:※表示情報は店舗側が保証するものではありません。""]"
蒲江竹野浦SS / (有)左脇石油,"",〒876-2301 大分県佐伯市蒲江大字竹野浦河内290-5,0972-43-3280,"[""ジャンル:コスモ石油"", ""ブランド:コスモ石油"", ""サービスタイプ:フルサービス"", ""注記:※表示情報は店舗側が保証するものではありません。""]"
楠本SS / 小野石油店,"",〒876-2203 大分県佐伯市蒲江大字楠本浦98-5,0972-45-0396,"[""ジャンル:エネオス(JX)"", ""ブランド:ENEOS"", ""サービスタイプ:フルサービス"", ""注記:※表示情報は店舗側が保証するものではありません。""]"
テン・ポイント安岐SS / (有)安岐モータース,"",〒873-0231 大分県国東市安岐町下原2129-1,0978-67-0372,"[""ジャンル:エネオス(JX)"", ""ブランド:ENEOS"", ""サービスタイプ:フルサービス"", ""車検サービス:あり"", ""注記:※表示情報は店舗側が保証するものではありません。""]"
宗方SS / 新光石油(株),"",〒870-1152 大分県大分市上宗方248-1,097-541-2479,"[""ジャンル:昭和シェル"", ""ブランド:昭和シェル石油"", ""サービスタイプ:フルサービス"", ""注記:※表示情報は店舗側が保証するものではありません。""]"
弥生SS / (有)五十川石油,"",〒876-0122 大分県佐伯市弥生大字門田824,0972-46-2125,"[""ジャンル:エネオス(JX)"", ""ブランド:ENEOS"", ""サービスタイプ:フルサービス"", ""注記:※表示情報は店舗側が保証するものではありません。""]"
国見SS / (有)野田石油店,"",〒872-1401 大分県国東市国見町伊美2728-1,0978-82-0138,"[""ジャンル:エネオス(JX)"", ""ブランド:ENEOS"", ""サービスタイプ:フルサービス"", ""注記:※表示情報は店舗側が保証するものではありません。""]"
国東SS / (有)古田石油店,"",〒873-0502 大分県国東市国東町田深905-1,0978-72-1465,"[""ジャンル:エネオス(JX)"", ""ブランド:ENEOS"", ""サービスタイプ:フルサービス"", ""注記:※表示情報は店舗側が保証するものではありません。""]"
キックス鶴崎SS / (株)イデックスリテール大分,"",〒870-0127 大分県大分市森町557-1,0975211020,"[""ジャンル:昭和シェル"", ""ブランド:昭和シェル石油"", ""サービスタイプ:フルサービス"", ""車検サービス:あり"", ""注記:※表示情報は店舗側が保証するものではありません。""]"
セルフ木保佐SS / (有)別府九石販売,"",〒875-0023 大分県臼杵市江無田1348,0972640906,"[""ジャンル:エネオス(JX)"", ""ブランド:ENEOS"", ""サービスタイプ:セルフサービス"", ""現金価格:\r\n\t\t\t\t\tレギュラー¥170   \r\n\t\t\t\t\tハイオク¥-   \r\n\t\t\t\t\t軽油¥-   \r\n\t\t\t\t\t灯油¥-\r\n\t\t\t\t"", ""会員価格:\r\n\t\t\t\t\tレギュラー¥-   \r\n\t\t\t\t\tハイオク¥-   \r\n\t\t\t\t\t軽油¥-   \r\n\t\t\t\t"", ""注記:※表示情報は店舗側が保証するものではありません。""]"
あすとぴあSS / 東九州石油(株),"",〒875-0051 大分県臼杵市あすとぴあ10-7,0972-63-2003,"[""ジャンル:コスモ石油"", ""ブランド:コスモ石油"", ""サービスタイプ:セルフサービス"", ""車検サービス:あり"", ""注記:※表示情報は店舗側が保証するものではありません。""]"
竹田津SS / 田染石油(株),"",〒872-1321 大分県国東市国見町竹田津1061-1,0978-84-0554,"[""ジャンル:エネオス(JX)"", ""ブランド:ENEOS"", ""サービスタイプ:フルサービス"", ""注記:※表示情報は店舗側が保証するものではありません。""]"
下ノ江SS / (有)浦辺石油店,"",〒875-0003 大分県臼杵市田井938-1,0972-67-2412,"[""ジャンル:エネオス(JX)"", ""ブランド:ENEOS"", ""サービスタイプ:フルサービス"", ""注記:※表示情報は店舗側が保証するものではありません。""]"
王子町SS / 大分石油(株),"",〒870-0004 大分県大分市王子港町1-14,097-534-4007,"[""ジャンル:昭和シェル"", ""ブランド:昭和シェル石油"", ""サービスタイプ:フルサービス"", ""車検サービス:あり"", ""注記:※表示情報は店舗側が保証するものではありません。""]"
日当SS / 東九州石油(株),"",〒875-0233 大分県臼杵市野津町大字宮原4281,0974322040,"[""ジャンル:エネオス(JX)"", ""ブランド:ENEOS"", ""サービスタイプ:フルサービス"", ""注記:※表示情報は店舗側が保証するものではありません。""]"
佐賀関SS / (有)狭間石油,"",〒879-2201 大分県大分市佐賀関2226-1,097-575-0365,"[""ジャンル:昭和シェル"", ""ブランド:昭和シェル石油"", ""サービスタイプ:フルサービス"", ""注記:※表示情報は店舗側が保証するものではありません。""]"
武蔵SS / 葦苅石油店,"",〒873-0412 大分県国東市武蔵町古市104-2,0978-68-0300,"[""ジャンル:エネオス(JX)"", ""ブランド:ENEOS"", ""サービスタイプ:フルサービス"", ""注記:※表示情報は店舗側が保証するものではありません。""]"
吉四六SS / JAおおいた,"",〒875-0201 大分県臼杵市野津町大字野津市625,0974322130,"[""ジャンル:エネオス(JX)"", ""ブランド:ENEOS"", ""サービスタイプ:フルサービス"", ""注記:※表示情報は店舗側が保証するものではありません。""]"
佐伯蛇崎SS / 東九州石油(株),"",〒876-0025 大分県佐伯市池田2107-1,0972-25-1114,"[""ジャンル:コスモ石油"", ""ブランド:コスモ石油"", ""サービスタイプ:フルサービス"", ""注記:※表示情報は店舗側が保証するものではありません。""]"
"","","","",[]
来の浦SS / (有)松本石油,"",〒872-1651 大分県国東市国東町浜4974-1,0978-77-0036,"[""ジャンル:コスモ石油"", ""ブランド:コスモ石油"", ""サービスタイプ:フルサービス"", ""注記:※表示情報は店舗側が保証するものではありません。""]"
港町SS / (有)遠藤石油,"",〒879-2442 大分県津久見市港町8-4,0972-82-2586,"[""ジャンル:エネオス(JX)"", ""ブランド:ENEOS"", ""サービスタイプ:フルサービス"", ""注記:※表示情報は店舗側が保証するものではありません。""]"
新日鐵前SS / 大分石油(株),"",〒870-0913 大分県大分市松原町3-5-17,097-558-9094,"[""ジャンル:昭和シェル"", ""ブランド:昭和シェル石油"", ""サービスタイプ:フルサービス"", ""車検サービス:あり"", ""注記:※表示情報は店舗側が保証するものではありません。""]"
真玉SS / 益戸石油店,"",〒872-1105 大分県豊後高田市西真玉2286-1,0978-53-4114,"[""ジャンル:コスモ石油"", ""ブランド:コスモ石油"", ""サービスタイプ:フルサービス"", ""注記:※表示情報は店舗側が保証するものではありません。""]"
津久見SS / 戸高石油(株),"",〒879-2471 大分県津久見市合ノ元町5-33,0972-82-3288,"[""ジャンル:エネオス(JX)"", ""ブランド:ENEOS"", ""サービスタイプ:フルサービス"", ""注記:※表示情報は店舗側が保証するものではありません。""]"
大南SS / (有)首藤石油,"",〒870-1113 大分県大分市中判田1746-2,097-597-0165,"[""ジャンル:昭和シェル"", ""ブランド:昭和シェル石油"", ""サービスタイプ:フルサービス"", ""注記:※表示情報は店舗側が保証するものではありません。""]"
三浦SS / 益戸石油店,"",〒872-1203 大分県豊後高田市堅来4655-1,0978-54-2250,"[""ジャンル:コスモ石油"", ""ブランド:コスモ石油"", ""サービスタイプ:フルサービス"", ""注記:※表示情報は店舗側が保証するものではありません。""]"
四浦SS / 甲斐石油店,"",〒879-2683 大分県津久見市四浦3833-1,0972-88-2056,"[""ジャンル:エネオス(JX)"", ""ブランド:ENEOS"", ""サービスタイプ:フルサービス"", ""注記:※表示情報は店舗側が保証するものではありません。""]"
セルフ&カーケアステーション元町SS / コスモ石油販売(株),"",〒877-0024 大分県日田市南元町3-30,0973-22-4151,"[""ジャンル:コスモ石油"", ""ブランド:コスモ石油"", ""営業時間:24時間営業"", ""サービスタイプ:セルフサービス"", ""車検サービス:あり"", ""現金価格:\r\n\t\t\t\t\tレギュラー¥167   \r\n\t\t\t\t\tハイオク¥178   \r\n\t\t\t\t\t軽油¥142   \r\n\t\t\t\t\t灯油¥-\r\n\t\t\t\t"", ""会員価格:\r\n\t\t\t\t\tレギュラー¥-   \r\n\t\t\t\t\tハイオク¥-   \r\n\t\t\t\t\t軽油¥-   \r\n\t\t\t\t"", ""注記:※表示情報は店舗側が保証するものではありません。""]"
岡城SS / (有)友忠商事,"",〒878-0011 大分県竹田市会々2738-1,0974632155,"[""ジャンル:エネオス(JX)"", ""ブランド:ENEOS"", ""サービスタイプ:フルサービス"", ""注記:※表示情報は店舗側が保証するものではありません。""]"
木ノ上SS / (有)笠木石油,"",〒870-1161 大分県大分市木上394-8,097-541-1331,"[""ジャンル:コスモ石油"", ""ブランド:コスモ石油"", ""サービスタイプ:フルサービス"", ""注記:※表示情報は店舗側が保証するものではありません。""]"
緒方SS / 大野新光(株),"",〒879-6643 大分県豊後大野市緒方町下自在188,0974422256,"[""ジャンル:コスモ石油"", ""ブランド:コスモ石油"", ""サービスタイプ:フルサービス"", ""注記:※表示情報は店舗側が保証するものではありません。""]"
竹田中央SS / (有)友忠商事,"",〒878-0013 大分県竹田市竹田1797-3,0974-63-3325,"[""ジャンル:エネオス(JX)"", ""ブランド:ENEOS"", ""サービスタイプ:フルサービス"", ""注記:※表示情報は店舗側が保証するものではありません。""]"
昭和通SS / 大分石油(株),"",〒870-0023 大分県大分市長浜町1-12-8,097-536-3691,"[""ジャンル:昭和シェル"", ""ブランド:昭和シェル石油"", ""サービスタイプ:フルサービス"", ""車検サービス:あり"", ""注記:※表示情報は店舗側が保証するものではありません。""]"
ケイオーSS / (有)ケイオー工業,"",〒878-0404 大分県竹田市直入町大字下田北116-5,0974-78-1447,"[""ジャンル:エネオス(JX)"", ""ブランド:ENEOS"", ""サービスタイプ:フルサービス"", ""注記:※表示情報は店舗側が保証するものではありません。""]"
湯布院第1SS / (有)大谷商会,"",〒879-5102 大分県由布市湯布院町川上2939-1,0977-84-3126,"[""ジャンル:コスモ石油"", ""ブランド:コスモ石油"", ""サービスタイプ:フルサービス"", ""注記:※表示情報は店舗側が保証するものではありません。""]"
高田白ねぎSS / 大分石油(株),"",〒879-0607 大分県豊後高田市新栄1388-5,0978-22-2491,"[""ジャンル:エネオス(JX)"", ""ブランド:ENEOS"", ""サービスタイプ:フルサービス"", ""注記:※表示情報は店舗側が保証するものではありません。""]"
来繩SS / 佐々木建設(株),"",〒879-0614 大分県豊後高田市来縄2686-1,0978-24-3334,"[""ジャンル:コスモ石油"", ""ブランド:コスモ石油"", ""サービスタイプ:フルサービス"", ""注記:※表示情報は店舗側が保証するものではありません。""]"
明野SS / 大分石油(株),"",〒870-0161 大分県大分市明野東2-7-27,097-556-2915,"[""ジャンル:昭和シェル"", ""ブランド:昭和シェル石油"", ""サービスタイプ:フルサービス"", ""車検サービス:あり"", ""注記:※表示情報は店舗側が保証するものではありません。""]"
金ノ手SS / 新光石油(株),"",〒870-0128 大分県大分市森375,097-521-1325,"[""ジャンル:コスモ石油"", ""ブランド:コスモ石油"", ""サービスタイプ:フルサービス"", ""注記:※表示情報は店舗側が保証するものではありません。""]"
長洲SS / (有)後藤商会,"",〒872-0032 大分県宇佐市江須賀2563-3,0978-38-0072,"[""ジャンル:コスモ石油"", ""ブランド:コスモ石油"", ""サービスタイプ:フルサービス"", ""注記:※表示情報は店舗側が保証するものではありません。""]"
四日市第1SS / (株)奥田石油,"",〒879-0461 大分県宇佐市樋田98-4,0978320623,"[""ジャンル:コスモ石油"", ""ブランド:コスモ石油"", ""サービスタイプ:フルサービス"", ""注記:※表示情報は店舗側が保証するものではありません。""]"
亀川東町SS / 大分石油(株),"",〒874-0022 大分県別府市亀川東町17-10,0977-66-3111,"[""ジャンル:昭和シェル"", ""ブランド:昭和シェル石油"", ""サービスタイプ:フルサービス"", ""車検サービス:あり"", ""注記:※表示情報は店舗側が保証するものではありません。""]"
鍋田SS / (有)漢石油店,"",〒875-0235 大分県臼杵市野津町大字藤小野285-1,0974322560,"[""ジャンル:コスモ石油"", ""ブランド:コスモ石油"", ""サービスタイプ:フルサービス"", ""注記:※表示情報は店舗側が保証するものではありません。""]"
玖珠西SS / 渡辺石油店,"",〒879-4331 大分県玖珠郡玖珠町戸畑6188-2,0973-73-8121,"[""ジャンル:コスモ石油"", ""ブランド:コスモ石油"", ""サービスタイプ:フルサービス"", ""注記:※表示情報は店舗側が保証するものではありません。""]"
亀川SS / (株)豊豫物産,"",〒874-0022 大分県別府市亀川東町5-23,0977-66-0291,"[""ジャンル:昭和シェル"", ""注記:※表示情報は店舗側が保証するものではありません。""]"
金池SS / 新光石油(株),"",〒870-0026 大分県大分市金池町4-9-32,097-537-1557,"[""ジャンル:コスモ石油"", ""ブランド:コスモ石油"", ""サービスタイプ:フルサービス"", ""注記:※表示情報は店舗側が保証するものではありません。""]"
別府海岸通SS / 大分石油(株),"",〒874-0925 大分県別府市若草町10-29,0977-22-5165,"[""ジャンル:昭和シェル"", ""ブランド:昭和シェル石油"", ""サービスタイプ:フルサービス"", ""車検サービス:あり"", ""注記:※表示情報は店舗側が保証するものではありません。""]"
やまなみSS / 新光石油(株),"",〒874-0919 大分県別府市石垣東10-6-10,0977-21-6464,"[""ジャンル:昭和シェル"", ""ブランド:昭和シェル石油"", ""サービスタイプ:フルサービス"", ""車検サービス:あり"", ""注記:※表示情報は店舗側が保証するものではありません。""]"
高田新地SS / 栗元石油店,"",〒879-0627 大分県豊後高田市新地1054-4,0978-24-2583,"[""ジャンル:コスモ石油"", ""ブランド:コスモ石油"", ""サービスタイプ:フルサービス"", ""注記:※表示情報は店舗側が保証するものではありません。""]"
三川SS / (有)堀内商会,"",〒873-0005 大分県杵築市猪尾703,0978-63-0111,"[""ジャンル:コスモ石油"", ""ブランド:コスモ石油"", ""サービスタイプ:フルサービス"", ""注記:※表示情報は店舗側が保証するものではありません。""]"
"","","","",[]
流川SS / 新光石油(株),"",〒874-0901 大分県別府市中島町23-21,0977-25-8085,"[""ジャンル:昭和シェル"", ""注記:※表示情報は店舗側が保証するものではありません。""]"
イデックスセルフ大分SS / (株)イデックスリテール大分,"",〒879-7761 大分県大分市中戸次6081,0975974660,"[""ジャンル:コスモ石油"", ""ブランド:コスモ石油"", ""営業時間:24時間営業"", ""サービスタイプ:セルフサービス"", ""車検サービス:あり"", ""注記:※表示情報は店舗側が保証するものではありません。""]"
セルフ別府SS / (株)イデックスリテール大分,"",〒874-0945 大分県別府市浜町18-5,0977222141,"[""ジャンル:昭和シェル"", ""ブランド:昭和シェル石油"", ""営業時間:24時間営業"", ""サービスタイプ:セルフサービス"", ""注記:※表示情報は店舗側が保証するものではありません。""]"
院内SS / 松田石油,"",〒872-0451 大分県宇佐市院内町下余51-2,0978-42-5075,"[""ジャンル:コスモ石油"", ""ブランド:コスモ石油"", ""サービスタイプ:フルサービス"", ""注記:※表示情報は店舗側が保証するものではありません。""]"
耶馬渓SS / (有)渋谷石油,"",〒871-0715 大分県中津市山国町宇曽1159-1,0979-62-2211,"[""ジャンル:昭和シェル"", ""ブランド:昭和シェル石油"", ""サービスタイプ:フルサービス"", ""注記:※表示情報は店舗側が保証するものではありません。""]"
サンシャイン中津SS / 大分石油(株),"",〒871-0030 大分県中津市中殿町3-31-21,0979-22-0911,"[""ジャンル:昭和シェル"", ""ブランド:昭和シェル石油"", ""営業時間:24時間営業"", ""サービスタイプ:セルフサービス"", ""車検サービス:あり"", ""現金価格:\r\n\t\t\t\t\tレギュラー¥-   \r\n\t\t\t\t\tハイオク¥-   \r\n\t\t\t\t\t軽油¥-   \r\n\t\t\t\t\t灯油¥-\r\n\t\t\t\t"", ""会員価格:\r\n\t\t\t\t\tレギュラー¥167   \r\n\t\t\t\t\tハイオク¥178   \r\n\t\t\t\t\t軽油¥147   \r\n\t\t\t\t"", ""注記:※表示情報は店舗側が保証するものではありません。""]"
耶馬渓SS / (有)中島石油店,"",〒871-0202 大分県中津市本耶馬渓町曽木1865-1,0979-52-2121,"[""ジャンル:昭和シェル"", ""ブランド:昭和シェル石油"", ""サービスタイプ:フルサービス"", ""注記:※表示情報は店舗側が保証するものではありません。""]"
柿坂SS / 中央石油(有),"",〒871-0405 大分県中津市耶馬溪町大字柿坂128-1,0979-54-2146,"[""ジャンル:昭和シェル"", ""ブランド:昭和シェル石油"", ""サービスタイプ:フルサービス"", ""注記:※表示情報は店舗側が保証するものではありません。""]"
下郷SS / 末廣隆一,"",〒871-0433 大分県中津市耶馬溪町大字宮園252-2,0979-56-2308,"[""ジャンル:昭和シェル"", ""ブランド:昭和シェル石油"", ""サービスタイプ:フルサービス"", ""注記:※表示情報は店舗側が保証するものではありません。""]"
山移SS / (有)塩田石油,"",〒871-0421 大分県中津市耶馬溪町大字山移3576,0979-55-2226,"[""ジャンル:昭和シェル"", ""ブランド:昭和シェル石油"", ""サービスタイプ:フルサービス"", ""注記:※表示情報は店舗側が保証するものではありません。""]"
"","","","",[]
日田SS / (株)吉冨産業,"",〒877-0016 大分県日田市三本松1-13-24,0973233168,"[""ジャンル:昭和シェル"", ""ブランド:昭和シェル石油"", ""サービスタイプ:フルサービス"", ""注記:※表示情報は店舗側が保証するものではありません。""]"
オートポリスSS / (株)オートポリス,"",〒877-0312 大分県日田市上津江町上野田1110-12,0973551433,"[""ジャンル:昭和シェル"", ""ブランド:昭和シェル石油"", ""サービスタイプ:フルサービス"", ""注記:※表示情報は店舗側が保証するものではありません。""]"
日田有田SS / (株)吉冨産業,"",〒877-1361 大分県日田市有田1562-3,0973-22-2710,"[""ジャンル:昭和シェル"", ""ブランド:昭和シェル石油"", ""サービスタイプ:フルサービス"", ""注記:※表示情報は店舗側が保証するものではありません。""]"
直川SS / 直川石油店,"",〒879-3102 大分県佐伯市直川大字上直見45-1,0972-58-2066,"[""ジャンル:昭和シェル"", ""ブランド:昭和シェル石油"", ""サービスタイプ:フルサービス"", ""注記:※表示情報は店舗側が保証するものではありません。""]"
堅田SS / (有)山本石油,"",〒876-1512 大分県佐伯市堅田3549-1,0972235064,"[""ジャンル:昭和シェル"", ""ブランド:昭和シェル石油"", ""サービスタイプ:フルサービス"", ""注記:※表示情報は店舗側が保証するものではありません。""]"
佐伯ながしまSS / 大分石油(株),"",〒876-0813 大分県佐伯市長島町3-529,0972-22-2318,"[""ジャンル:昭和シェル"", ""ブランド:昭和シェル石油"", ""サービスタイプ:フルサービス"", ""車検サービス:あり"", ""注記:※表示情報は店舗側が保証するものではありません。""]"
米水津SS / (有)高林石油店,"",〒876-1401 大分県佐伯市米水津大字浦代浦1102-2,0972-35-6216,"[""ジャンル:昭和シェル"", ""ブランド:昭和シェル石油"", ""サービスタイプ:フルサービス"", ""注記:※表示情報は店舗側が保証するものではありません。""]"
久住SS / 児玉石油店,"",〒878-0201 大分県竹田市久住町大字久住6103,0974760050,"[""ジャンル:昭和シェル"", ""ブランド:昭和シェル石油"", ""サービスタイプ:フルサービス"", ""注記:※表示情報は店舗側が保証するものではありません。""]"
高田仁王前SS / 大分石油(株),"",〒879-0615 大分県豊後高田市界636-3,0978-22-4646,"[""ジャンル:昭和シェル"", ""ブランド:昭和シェル石油"", ""サービスタイプ:フルサービス"", ""注記:※表示情報は店舗側が保証するものではありません。""]"
玉津SS / 大分石油(株),"",〒879-0605 大分県豊後高田市御玉102-1,0978-22-2080,"[""ジャンル:昭和シェル"", ""ブランド:昭和シェル石油"", ""サービスタイプ:フルサービス"", ""車検サービス:あり"", ""注記:※表示情報は店舗側が保証するものではありません。""]"
西新町SS / 都甲石油店,"",〒879-0617 大分県豊後高田市高田2107,0978-22-2512,"[""ジャンル:昭和シェル"", ""ブランド:昭和シェル石油"", ""サービスタイプ:フルサービス"", ""注記:※表示情報は店舗側が保証するものではありません。""]"
香々地SS / 堤産業(株),"",〒872-1207 大分県豊後高田市見目748-2,0978-54-2215,"[""ジャンル:昭和シェル"", ""ブランド:昭和シェル石油"", ""サービスタイプ:フルサービス"", ""注記:※表示情報は店舗側が保証するものではありません。""]"
真玉町SS / 前田石油,"",〒872-1101 大分県豊後高田市中真玉2171-1,0978-53-4011,"[""ジャンル:昭和シェル"", ""ブランド:昭和シェル石油"", ""サービスタイプ:フルサービス"", ""注記:※表示情報は店舗側が保証するものではありません。""]"
広小路SS / (有)堀内商会,"",〒873-0001 大分県杵築市杵築129-13,0978-62-2715,"[""ジャンル:昭和シェル"", ""ブランド:昭和シェル石油"", ""サービスタイプ:フルサービス"", ""注記:※表示情報は店舗側が保証するものではありません。""]"
杵築城下町SS / 大分石油(株),"",〒873-0001 大分県杵築市杵築665-207,0978-62-4561,"[""ジャンル:昭和シェル"", ""ブランド:昭和シェル石油"", ""サービスタイプ:フルサービス"", ""車検サービス:あり"", ""注記:※表示情報は店舗側が保証するものではありません。""]"
錦町SS / 堀石油店,"",〒873-0002 大分県杵築市南杵築114-10,0978-62-2674,"[""ジャンル:昭和シェル"", ""ブランド:昭和シェル石油"", ""サービスタイプ:フルサービス"", ""注記:※表示情報は店舗側が保証するものではありません。""]"
弓町SS / (有)八坂石油店,"",〒873-0002 大分県杵築市南杵築1652-1,0978-62-3071,"[""ジャンル:昭和シェル"", ""ブランド:昭和シェル石油"", ""サービスタイプ:フルサービス"", ""注記:※表示情報は店舗側が保証するものではありません。""]"
守江SS / 児島石油店,"",〒873-0033 大分県杵築市守江1824-39,0978-63-9030,"[""ジャンル:昭和シェル"", ""ブランド:昭和シェル石油"", ""サービスタイプ:フルサービス"", ""注記:※表示情報は店舗側が保証するものではありません。""]"
四日市第2SS / (株)奥田石油,"",〒879-0471 大分県宇佐市四日市990,0978-32-0761,"[""ジャンル:昭和シェル"", ""ブランド:昭和シェル石油"", ""サービスタイプ:フルサービス"", ""注記:※表示情報は店舗側が保証するものではありません。""]"
四日市SS / 大分石油(株),"",〒879-0444 大分県宇佐市石田129-1,0978-32-0079,"[""ジャンル:昭和シェル"", ""ブランド:昭和シェル石油"", ""サービスタイプ:フルサービス"", ""車検サービス:あり"", ""注記:※表示情報は店舗側が保証するものではありません。""]"
"","","","",[]
大田SS / 小関石油店,"",〒879-0902 大分県杵築市大田沓掛2603,0978-52-2046,"[""ジャンル:昭和シェル"", ""ブランド:昭和シェル石油"", ""サービスタイプ:フルサービス"", ""注記:※表示情報は店舗側が保証するものではありません。""]"
熊毛SS / 竹丸石油店,"",〒872-1613 大分県国東市国見町小熊毛2513-1,0978-83-0114,"[""ジャンル:昭和シェル"", ""ブランド:昭和シェル石油"", ""サービスタイプ:フルサービス"", ""注記:※表示情報は店舗側が保証するものではありません。""]"
姫島SS / 松原石油店,"",〒872-1501 大分県東国東郡姫島村松原2094-1,0978-87-2037,"[""ジャンル:昭和シェル"", ""ブランド:昭和シェル石油"", ""サービスタイプ:フルサービス"", ""注記:※表示情報は店舗側が保証するものではありません。""]"
来浦SS / 竹丸石油店,"",〒872-1651 大分県国東市国東町浜3695-1,0978-77-0058,"[""ジャンル:昭和シェル"", ""ブランド:昭和シェル石油"", ""サービスタイプ:フルサービス"", ""注記:※表示情報は店舗側が保証するものではありません。""]"
富来浦SS / (有)さこう石油,"",〒873-0643 大分県国東市国東町富来浦2304-1,0978-74-1351,"[""ジャンル:昭和シェル"", ""ブランド:昭和シェル石油"", ""サービスタイプ:フルサービス"", ""注記:※表示情報は店舗側が保証するものではありません。""]"
黒津崎SS / (有)小野モータース,"",〒873-0511 大分県国東市国東町小原3620,0978-72-1329,"[""ジャンル:昭和シェル"", ""ブランド:昭和シェル石油"", ""サービスタイプ:フルサービス"", ""注記:※表示情報は店舗側が保証するものではありません。""]"
武蔵SS / ムサシ石油(有),"",〒873-0412 大分県国東市武蔵町古市167-3,0978680143,"[""ジャンル:昭和シェル"", ""ブランド:昭和シェル石油"", ""サービスタイプ:セルフサービス"", ""注記:※表示情報は店舗側が保証するものではありません。""]"
大分空港前SS / 大分航空ターミナル(株),"",〒873-0231 大分県国東市安岐町下原750-1,0978-67-1110,"[""ジャンル:昭和シェル"", ""ブランド:昭和シェル石油"", ""サービスタイプ:フルサービス"", ""注記:※表示情報は店舗側が保証するものではありません。""]"
山香SS / (有)タイヨウ,"",〒879-1305 大分県杵築市山香町大字倉成133-1,0977-75-0240,"[""ジャンル:昭和シェル"", ""ブランド:昭和シェル石油"", ""サービスタイプ:フルサービス"", ""車検サービス:あり"", ""注記:※表示情報は店舗側が保証するものではありません。""]"
豊後中村SS / ライト鉱油(株),"",〒879-4801 大分県玖珠郡九重町右田1011-18,0973776715,"[""ジャンル:昭和シェル"", ""ブランド:昭和シェル石油"", ""サービスタイプ:フルサービス"", ""注記:※表示情報は店舗側が保証するものではありません。""]"
サンブレス三重SS / 大分石油(株),"",〒879-7111 大分県豊後大野市三重町赤嶺1884,0974220059,"[""ジャンル:昭和シェル"", ""ブランド:昭和シェル石油"", ""営業時間:24時間営業"", ""サービスタイプ:セルフサービス"", ""車検サービス:あり"", ""注記:※表示情報は店舗側が保証するものではありません。""]"
セルフ日出SS / (株)西尾商店,"",〒879-1506 大分県速見郡日出町1666-1,0977-72-2837,"[""ジャンル:昭和シェル"", ""ブランド:昭和シェル石油"", ""営業時間:24時間営業"", ""サービスタイプ:セルフサービス"", ""注記:※表示情報は店舗側が保証するものではありません。""]"
セルフ南大分SS / (株)イデックスリテール大分,"",〒879-7881 大分県大分市奥田553-1,0975736917,"[""ジャンル:昭和シェル"", ""ブランド:昭和シェル石油"", ""営業時間:24時間営業"", ""サービスタイプ:セルフサービス"", ""車検サービス:あり"", ""現金価格:\r\n\t\t\t\t\tレギュラー¥-   \r\n\t\t\t\t\tハイオク¥-   \r\n\t\t\t\t\t軽油¥-   \r\n\t\t\t\t\t灯油¥-\r\n\t\t\t\t"", ""会員価格:\r\n\t\t\t\t\tレギュラー¥165   \r\n\t\t\t\t\tハイオク¥-   \r\n\t\t\t\t\t軽油¥-   \r\n\t\t\t\t"", ""注記:※表示情報は店舗側が保証するものではありません。""]"
セルフ杵築SS / (有)堀内商会,"",〒873-0033 大分県杵築市守江3903-5,0978-64-0175,"[""ジャンル:昭和シェル"", ""ブランド:昭和シェル石油"", ""サービスタイプ:セルフサービス"", ""注記:※表示情報は店舗側が保証するものではありません。""]"
守江港SS / (有)堀内商会,"",〒873-0033 大分県杵築市守江1824-40,0978-63-9220,"[""ジャンル:昭和シェル"", ""ブランド:昭和シェル石油"", ""サービスタイプ:フルサービス"", ""注記:※表示情報は店舗側が保証するものではありません。""]"
宮永SS / (有)合林石油,"",〒871-0027 大分県中津市上宮永495-4,0979-22-0183,"[""ジャンル:その他ガソリンスタンド"", ""ブランド:その他ガソリンスタンド"", ""サービスタイプ:フルサービス"", ""注記:※表示情報は店舗側が保証するものではありません。""]"
千束SS / (有)宇目環境整備事業社,"",〒879-3205 大分県佐伯市宇目大字千束1079-4,0972-52-1143,"[""ジャンル:その他ガソリンスタンド"", ""ブランド:その他ガソリンスタンド"", ""サービスタイプ:フルサービス"", ""注記:※表示情報は店舗側が保証するものではありません。""]"
天ヶ瀬SS / (有)小田商店,"",〒879-4202 大分県日田市天瀬町赤岩26-5,0973-57-2211,"[""ジャンル:その他ガソリンスタンド"", ""ブランド:その他ガソリンスタンド"", ""サービスタイプ:フルサービス"", ""注記:※表示情報は店舗側が保証するものではありません。""]"
竹田SS / クボカン石油,"",〒878-0024 大分県竹田市玉来888,0974632201,"[""ジャンル:その他ガソリンスタンド"", ""ブランド:その他ガソリンスタンド"", ""サービスタイプ:フルサービス"", ""注記:※表示情報は店舗側が保証するものではありません。""]"
つくみSS / JA大分のぞみ,"",〒879-2441 大分県津久見市中央町29-16,0972-82-2494,"[""ジャンル:その他ガソリンスタンド"", ""ブランド:その他ガソリンスタンド"", ""サービスタイプ:フルサービス"", ""注記:※表示情報は店舗側が保証するものではありません。""]"
"","","","",[]
【丸紅エネルギー】高田平和通りSS / 共和石油(株),"",〒879-0627 大分県豊後高田市新地1952-3,0978-22-2296,"[""ジャンル:その他ガソリンスタンド"", ""ブランド:その他ガソリンスタンド"", ""サービスタイプ:セルフサービス"", ""車検サービス:あり"", ""注記:※表示情報は店舗側が保証するものではありません。""]"
直川SS / (株)佐竹石油新社,"",〒879-3101 大分県佐伯市直川大字赤木121-1,0972582034,"[""ジャンル:その他ガソリンスタンド"", ""ブランド:その他ガソリンスタンド"", ""サービスタイプ:フルサービス"", ""車検サービス:あり"", ""注記:※表示情報は店舗側が保証するものではありません。""]"
大野町SS / (株)マルワ,"",〒879-6432 大分県豊後大野市大野町屋原399-2,0974343511,"[""ジャンル:その他ガソリンスタンド"", ""ブランド:その他ガソリンスタンド"", ""サービスタイプ:フルサービス"", ""注記:※表示情報は店舗側が保証するものではありません。""]"
ジャパンプロコーティング大分 / (有)タカハシ石油,"",〒870-0108 大分県大分市三佐6-10-25,0975211678,"[""ジャンル:その他ガソリンスタンド"", ""ブランド:その他ガソリンスタンド"", ""サービスタイプ:フルサービス"", ""注記:※表示情報は店舗側が保証するものではありません。""]"
直見SS / (株)佐竹石油新社,"",〒879-3103 大分県佐伯市直川大字下直見3036,0972-58-2315,"[""ジャンル:その他ガソリンスタンド"", ""ブランド:その他ガソリンスタンド"", ""サービスタイプ:フルサービス"", ""車検サービス:あり"", ""注記:※表示情報は店舗側が保証するものではありません。""]"
中津南SS / 神原石油(株),"",〒879-0105 大分県中津市犬丸2391-3,0979-32-3206,"[""ジャンル:その他ガソリンスタンド"", ""ブランド:その他ガソリンスタンド"", ""サービスタイプ:フルサービス"", ""注記:※表示情報は店舗側が保証するものではありません。""]"
香々地SS / (株)黒田石油,"",〒872-1202 大分県豊後高田市香々地2956,0978-54-3200,"[""ジャンル:その他ガソリンスタンド"", ""ブランド:その他ガソリンスタンド"", ""サービスタイプ:フルサービス"", ""注記:※表示情報は店舗側が保証するものではありません。""]"
四日市SS / (有)後藤商会,"",〒879-0441 大分県宇佐市吉松216,0978-32-0600,"[""ジャンル:その他ガソリンスタンド"", ""ブランド:その他ガソリンスタンド"", ""サービスタイプ:フルサービス"", ""注記:※表示情報は店舗側が保証するものではありません。""]"
戸次SS / (有)愛石油,"",〒879-7764 大分県大分市上戸次3958,0975974005,"[""ジャンル:その他ガソリンスタンド"", ""ブランド:その他ガソリンスタンド"", ""サービスタイプ:フルサービス"", ""車検サービス:あり"", ""現金価格:\r\n\t\t\t\t\tレギュラー¥-   \r\n\t\t\t\t\tハイオク¥-   \r\n\t\t\t\t\t軽油¥-   \r\n\t\t\t\t\t灯油¥-\r\n\t\t\t\t"", ""会員価格:\r\n\t\t\t\t\tレギュラー¥163   \r\n\t\t\t\t\tハイオク¥-   \r\n\t\t\t\t\t軽油¥-   \r\n\t\t\t\t"", ""注記:※表示情報は店舗側が保証するものではありません。""]"
四日市SS / (株)ホームセンターセブン,"",〒879-0471 大分県宇佐市四日市1087-1,0978332611,"[""ジャンル:その他ガソリンスタンド"", ""ブランド:その他ガソリンスタンド"", ""サービスタイプ:セルフサービス"", ""車検サービス:あり"", ""現金価格:\r\n\t\t\t\t\tレギュラー¥155   \r\n\t\t\t\t\tハイオク¥166   \r\n\t\t\t\t\t軽油¥137   \r\n\t\t\t\t\t灯油¥1728\r\n\t\t\t\t"", ""会員価格:\r\n\t\t\t\t\tレギュラー¥-   \r\n\t\t\t\t\tハイオク¥-   \r\n\t\t\t\t\t軽油¥-   \r\n\t\t\t\t"", ""注記:※表示情報は店舗側が保証するものではありません。""]"
【三菱商事石油】セルフ富士見ケ丘SS / YOC(株),"",〒870-1173 大分県大分市横瀬331-2,097-542-1722,"[""ジャンル:その他ガソリンスタンド"", ""ブランド:その他ガソリンスタンド"", ""サービスタイプ:セルフサービス"", ""注記:※表示情報は店舗側が保証するものではありません。""]"
【三菱商事石油】みえまちルート326SS / (有)渡部石油,"",〒879-7111 大分県豊後大野市三重町赤嶺1981,0974226055,"[""ジャンル:その他ガソリンスタンド"", ""ブランド:その他ガソリンスタンド"", ""サービスタイプ:セルフサービス"", ""注記:※表示情報は店舗側が保証するものではありません。""]"
【三菱商事石油】あさぢまちルート57SS / (有)渡部石油,"",〒879-6221 大分県豊後大野市朝地町坪泉142-1,0974721700,"[""ジャンル:その他ガソリンスタンド"", ""ブランド:その他ガソリンスタンド"", ""サービスタイプ:フルサービス"", ""注記:※表示情報は店舗側が保証するものではありません。""]"
熊崎SS / 富士甚商事(株),"",〒875-0083 大分県臼杵市井村2021-1,0972-62-3579,"[""ジャンル:その他ガソリンスタンド"", ""ブランド:その他ガソリンスタンド"", ""サービスタイプ:フルサービス"", ""注記:※表示情報は店舗側が保証するものではありません。""]"
堀川SS / 富士甚商事(株),"",〒875-0041 大分県臼杵市臼杵707-10,0972-62-2287,"[""ジャンル:その他ガソリンスタンド"", ""ブランド:その他ガソリンスタンド"", ""サービスタイプ:フルサービス"", ""注記:※表示情報は店舗側が保証するものではありません。""]"
風連SS / (株)山本石油,"",〒875-0351 大分県臼杵市野津町大字泊1143-1,0974324860,"[""ジャンル:その他ガソリンスタンド"", ""ブランド:その他ガソリンスタンド"", ""サービスタイプ:フルサービス"", ""注記:※表示情報は店舗側が保証するものではありません。""]"
佐伯駅前SS / (株)山本石油,"",〒876-0803 大分県佐伯市駅前1-5-21,0972231617,"[""ジャンル:その他ガソリンスタンド"", ""ブランド:その他ガソリンスタンド"", ""サービスタイプ:セルフサービス"", ""注記:※表示情報は店舗側が保証するものではありません。""]"
城南SS / (株)山本石油,"",〒876-0834 大分県佐伯市城南町24-12,0972237677,"[""ジャンル:その他ガソリンスタンド"", ""ブランド:その他ガソリンスタンド"", ""サービスタイプ:フルサービス"", ""注記:※表示情報は店舗側が保証するものではありません。""]"
小形重機工業SS / 県北ダンプ運輸協同組合,"",〒873-0013 大分県杵築市日野1887-1,0978-63-2617,"[""ジャンル:その他ガソリンスタンド"", ""ブランド:その他ガソリンスタンド"", ""サービスタイプ:フルサービス"", ""注記:※表示情報は店舗側が保証するものではありません。""]"
中津SS / 九販石油(株),"",〒871-0011 大分県中津市下池永933,0979-23-1728,"[""ジャンル:その他ガソリンスタンド"", ""ブランド:その他ガソリンスタンド"", ""サービスタイプ:フルサービス"", ""現金価格:\r\n\t\t\t\t\tレギュラー¥-   \r\n\t\t\t\t\tハイオク¥-   \r\n\t\t\t\t\t軽油¥-   \r\n\t\t\t\t\t灯油¥-\r\n\t\t\t\t"", ""会員価格:\r\n\t\t\t\t\tレギュラー¥165   \r\n\t\t\t\t\tハイオク¥176   \r\n\t\t\t\t\t軽油¥142   \r\n\t\t\t\t"", ""注記:※表示情報は店舗側が保証するものではありません。""]"
"","","","",[]
